file,model_in_file,query_id,chunk_id,score
LLaMA3.2-1B_Baseline.json,LLaMA3.2-1B_Baseline,0,0,1.0
LLaMA3.2-1B_Baseline.json,LLaMA3.2-1B_Baseline,1,0,0.0
LLaMA3.2-1B_Baseline.json,LLaMA3.2-1B_Baseline,2,0,0.0
LLaMA3.2-1B_Baseline.json,LLaMA3.2-1B_Baseline,3,0,1.0
LLaMA3.2-1B_Baseline.json,LLaMA3.2-1B_Baseline,4,0,0.0
LLaMA3.2-1B_Baseline.json,LLaMA3.2-1B_Baseline,5,0,0.0
LLaMA3.2-1B_Baseline.json,LLaMA3.2-1B_Baseline,6,0,0.5
LLaMA3.2-1B_Baseline.json,LLaMA3.2-1B_Baseline,7,0,1.0
LLaMA3.2-1B_Baseline.json,LLaMA3.2-1B_Baseline,8,0,0.0
LLaMA3.2-1B_Baseline.json,LLaMA3.2-1B_Baseline,9,0,0.0
LLaMA3.2-1B_Baseline.json,LLaMA3.2-1B_Baseline,10,0,0.0
LLaMA3.2-1B_Baseline.json,LLaMA3.2-1B_Baseline,11,0,0.0
LLaMA3.2-1B_Baseline.json,LLaMA3.2-1B_Baseline,12,0,0.0
LLaMA3.2-1B_Baseline.json,LLaMA3.2-1B_Baseline,13,0,0.0
LLaMA3.2-1B_Baseline.json,LLaMA3.2-1B_Baseline,14,0,0.0
LLaMA3.2-1B_Baseline.json,LLaMA3.2-1B_Baseline,15,0,0.0
LLaMA3.2-1B_Baseline.json,LLaMA3.2-1B_Baseline,16,0,0.0
LLaMA3.2-1B_Baseline.json,LLaMA3.2-1B_Baseline,17,0,0.0
LLaMA3.2-1B_Baseline.json,LLaMA3.2-1B_Baseline,18,0,0.0
LLaMA3.2-1B_Baseline.json,LLaMA3.2-1B_Baseline,19,0,0.5
LLaMA3.2-1B_Baseline.json,LLaMA3.2-1B_Baseline,20,0,0.0
LLaMA3.2-1B_Baseline.json,LLaMA3.2-1B_Baseline,21,0,0.0
LLaMA3.2-1B_Baseline.json,LLaMA3.2-1B_Baseline,22,0,0.0
LLaMA3.2-1B_Baseline.json,LLaMA3.2-1B_Baseline,23,0,0.0
LLaMA3.2-1B_Baseline.json,LLaMA3.2-1B_Baseline,24,0,0.0
LLaMA3.2-1B_Baseline.json,LLaMA3.2-1B_Baseline,25,0,0.0
LLaMA3.2-1B_Baseline.json,LLaMA3.2-1B_Baseline,26,0,0.0
LLaMA3.2-1B_Baseline.json,LLaMA3.2-1B_Baseline,27,0,0.0
LLaMA3.2-1B_Baseline.json,LLaMA3.2-1B_Baseline,28,0,0.0
LLaMA3.2-1B_Baseline.json,LLaMA3.2-1B_Baseline,29,0,0.0
LLaMA3.2-1B_Baseline.json,LLaMA3.2-1B_Baseline,30,0,0.0
LLaMA3.2-1B_Baseline.json,LLaMA3.2-1B_Baseline,31,0,0.0
LLaMA3.2-1B_Baseline.json,LLaMA3.2-1B_Baseline,32,0,0.0
LLaMA3.2-1B_Baseline.json,LLaMA3.2-1B_Baseline,33,0,0.0
LLaMA3.2-1B_Baseline.json,LLaMA3.2-1B_Baseline,34,0,0.0
LLaMA3.2-1B_Baseline.json,LLaMA3.2-1B_Baseline,35,0,0.0
LLaMA3.2-1B_Baseline.json,LLaMA3.2-1B_Baseline,36,0,0.0
LLaMA3.2-1B_Baseline.json,LLaMA3.2-1B_Baseline,37,0,0.0
LLaMA3.2-1B_Baseline.json,LLaMA3.2-1B_Baseline,38,0,0.0
LLaMA3.2-1B_Baseline.json,LLaMA3.2-1B_Baseline,39,0,0.0
LLaMA3.2-1B_Baseline.json,LLaMA3.2-1B_Baseline,40,0,0.0
LLaMA3.2-1B_Baseline.json,LLaMA3.2-1B_Baseline,41,0,0.0
LLaMA3.2-1B_Baseline.json,LLaMA3.2-1B_Baseline,42,0,0.0
LLaMA3.2-1B_Baseline.json,LLaMA3.2-1B_Baseline,43,0,0.0
LLaMA3.2-1B_Baseline.json,LLaMA3.2-1B_Baseline,44,0,0.0
LLaMA3.2-1B_Baseline.json,LLaMA3.2-1B_Baseline,45,0,0.0
LLaMA3.2-1B_Baseline.json,LLaMA3.2-1B_Baseline,46,0,0.0
LLaMA3.2-1B_Baseline.json,LLaMA3.2-1B_Baseline,47,0,0.0
LLaMA3.2-1B_Baseline.json,LLaMA3.2-1B_Baseline,48,0,0.0
LLaMA3.2-1B_Baseline.json,LLaMA3.2-1B_Baseline,49,0,0.0
LLaMA3.2-1B_Prune-0th-Layer.json,LLaMA3.2-1B_Prune-0th-Layer,0,0,0.0
LLaMA3.2-1B_Prune-0th-Layer.json,LLaMA3.2-1B_Prune-0th-Layer,1,0,0.0
LLaMA3.2-1B_Prune-0th-Layer.json,LLaMA3.2-1B_Prune-0th-Layer,2,0,0.0
LLaMA3.2-1B_Prune-0th-Layer.json,LLaMA3.2-1B_Prune-0th-Layer,3,0,0.0
LLaMA3.2-1B_Prune-0th-Layer.json,LLaMA3.2-1B_Prune-0th-Layer,4,0,0.0
LLaMA3.2-1B_Prune-0th-Layer.json,LLaMA3.2-1B_Prune-0th-Layer,5,0,0.0
LLaMA3.2-1B_Prune-0th-Layer.json,LLaMA3.2-1B_Prune-0th-Layer,6,0,0.0
LLaMA3.2-1B_Prune-0th-Layer.json,LLaMA3.2-1B_Prune-0th-Layer,7,0,0.0
LLaMA3.2-1B_Prune-0th-Layer.json,LLaMA3.2-1B_Prune-0th-Layer,8,0,0.0
LLaMA3.2-1B_Prune-0th-Layer.json,LLaMA3.2-1B_Prune-0th-Layer,9,0,0.0
LLaMA3.2-1B_Prune-0th-Layer.json,LLaMA3.2-1B_Prune-0th-Layer,10,0,0.0
LLaMA3.2-1B_Prune-0th-Layer.json,LLaMA3.2-1B_Prune-0th-Layer,11,0,0.0
LLaMA3.2-1B_Prune-0th-Layer.json,LLaMA3.2-1B_Prune-0th-Layer,12,0,0.0
LLaMA3.2-1B_Prune-0th-Layer.json,LLaMA3.2-1B_Prune-0th-Layer,13,0,0.0
LLaMA3.2-1B_Prune-0th-Layer.json,LLaMA3.2-1B_Prune-0th-Layer,14,0,0.0
LLaMA3.2-1B_Prune-0th-Layer.json,LLaMA3.2-1B_Prune-0th-Layer,15,0,0.0
LLaMA3.2-1B_Prune-0th-Layer.json,LLaMA3.2-1B_Prune-0th-Layer,16,0,0.0
LLaMA3.2-1B_Prune-0th-Layer.json,LLaMA3.2-1B_Prune-0th-Layer,17,0,0.0
LLaMA3.2-1B_Prune-0th-Layer.json,LLaMA3.2-1B_Prune-0th-Layer,18,0,0.0
LLaMA3.2-1B_Prune-0th-Layer.json,LLaMA3.2-1B_Prune-0th-Layer,19,0,0.0
LLaMA3.2-1B_Prune-0th-Layer.json,LLaMA3.2-1B_Prune-0th-Layer,20,0,0.0
LLaMA3.2-1B_Prune-0th-Layer.json,LLaMA3.2-1B_Prune-0th-Layer,21,0,0.0
LLaMA3.2-1B_Prune-0th-Layer.json,LLaMA3.2-1B_Prune-0th-Layer,22,0,0.0
LLaMA3.2-1B_Prune-0th-Layer.json,LLaMA3.2-1B_Prune-0th-Layer,23,0,0.0
LLaMA3.2-1B_Prune-0th-Layer.json,LLaMA3.2-1B_Prune-0th-Layer,24,0,0.0
LLaMA3.2-1B_Prune-0th-Layer.json,LLaMA3.2-1B_Prune-0th-Layer,25,0,0.0
LLaMA3.2-1B_Prune-0th-Layer.json,LLaMA3.2-1B_Prune-0th-Layer,26,0,0.0
LLaMA3.2-1B_Prune-0th-Layer.json,LLaMA3.2-1B_Prune-0th-Layer,27,0,0.0
LLaMA3.2-1B_Prune-0th-Layer.json,LLaMA3.2-1B_Prune-0th-Layer,28,0,0.0
LLaMA3.2-1B_Prune-0th-Layer.json,LLaMA3.2-1B_Prune-0th-Layer,29,0,0.0
LLaMA3.2-1B_Prune-0th-Layer.json,LLaMA3.2-1B_Prune-0th-Layer,30,0,0.0
LLaMA3.2-1B_Prune-0th-Layer.json,LLaMA3.2-1B_Prune-0th-Layer,31,0,0.0
LLaMA3.2-1B_Prune-0th-Layer.json,LLaMA3.2-1B_Prune-0th-Layer,32,0,0.0
LLaMA3.2-1B_Prune-0th-Layer.json,LLaMA3.2-1B_Prune-0th-Layer,33,0,0.0
LLaMA3.2-1B_Prune-0th-Layer.json,LLaMA3.2-1B_Prune-0th-Layer,34,0,0.0
LLaMA3.2-1B_Prune-0th-Layer.json,LLaMA3.2-1B_Prune-0th-Layer,35,0,0.0
LLaMA3.2-1B_Prune-0th-Layer.json,LLaMA3.2-1B_Prune-0th-Layer,36,0,0.0
LLaMA3.2-1B_Prune-0th-Layer.json,LLaMA3.2-1B_Prune-0th-Layer,37,0,0.0
LLaMA3.2-1B_Prune-0th-Layer.json,LLaMA3.2-1B_Prune-0th-Layer,38,0,0.0
LLaMA3.2-1B_Prune-0th-Layer.json,LLaMA3.2-1B_Prune-0th-Layer,39,0,0.0
LLaMA3.2-1B_Prune-0th-Layer.json,LLaMA3.2-1B_Prune-0th-Layer,40,0,0.0
LLaMA3.2-1B_Prune-0th-Layer.json,LLaMA3.2-1B_Prune-0th-Layer,41,0,0.0
LLaMA3.2-1B_Prune-0th-Layer.json,LLaMA3.2-1B_Prune-0th-Layer,42,0,0.0
LLaMA3.2-1B_Prune-0th-Layer.json,LLaMA3.2-1B_Prune-0th-Layer,43,0,0.0
LLaMA3.2-1B_Prune-0th-Layer.json,LLaMA3.2-1B_Prune-0th-Layer,44,0,0.0
LLaMA3.2-1B_Prune-0th-Layer.json,LLaMA3.2-1B_Prune-0th-Layer,45,0,0.0
LLaMA3.2-1B_Prune-0th-Layer.json,LLaMA3.2-1B_Prune-0th-Layer,46,0,0.0
LLaMA3.2-1B_Prune-0th-Layer.json,LLaMA3.2-1B_Prune-0th-Layer,47,0,0.0
LLaMA3.2-1B_Prune-0th-Layer.json,LLaMA3.2-1B_Prune-0th-Layer,48,0,0.0
LLaMA3.2-1B_Prune-0th-Layer.json,LLaMA3.2-1B_Prune-0th-Layer,49,0,
LLaMA3.2-1B_Prune-10th-Layer.json,LLaMA3.2-1B_Prune-10th-Layer,0,1,0.5
LLaMA3.2-1B_Prune-10th-Layer.json,LLaMA3.2-1B_Prune-10th-Layer,1,1,0.0
LLaMA3.2-1B_Prune-10th-Layer.json,LLaMA3.2-1B_Prune-10th-Layer,2,1,0.0
LLaMA3.2-1B_Prune-10th-Layer.json,LLaMA3.2-1B_Prune-10th-Layer,3,1,1.0
LLaMA3.2-1B_Prune-10th-Layer.json,LLaMA3.2-1B_Prune-10th-Layer,4,1,0.0
LLaMA3.2-1B_Prune-10th-Layer.json,LLaMA3.2-1B_Prune-10th-Layer,5,1,0.0
LLaMA3.2-1B_Prune-10th-Layer.json,LLaMA3.2-1B_Prune-10th-Layer,6,1,0.0
LLaMA3.2-1B_Prune-10th-Layer.json,LLaMA3.2-1B_Prune-10th-Layer,7,1,1.0
LLaMA3.2-1B_Prune-10th-Layer.json,LLaMA3.2-1B_Prune-10th-Layer,8,1,0.0
LLaMA3.2-1B_Prune-10th-Layer.json,LLaMA3.2-1B_Prune-10th-Layer,9,1,0.0
LLaMA3.2-1B_Prune-10th-Layer.json,LLaMA3.2-1B_Prune-10th-Layer,10,1,0.0
LLaMA3.2-1B_Prune-10th-Layer.json,LLaMA3.2-1B_Prune-10th-Layer,11,1,0.0
LLaMA3.2-1B_Prune-10th-Layer.json,LLaMA3.2-1B_Prune-10th-Layer,12,1,0.5
LLaMA3.2-1B_Prune-10th-Layer.json,LLaMA3.2-1B_Prune-10th-Layer,13,1,0.0
LLaMA3.2-1B_Prune-10th-Layer.json,LLaMA3.2-1B_Prune-10th-Layer,14,1,0.0
LLaMA3.2-1B_Prune-10th-Layer.json,LLaMA3.2-1B_Prune-10th-Layer,15,1,0.0
LLaMA3.2-1B_Prune-10th-Layer.json,LLaMA3.2-1B_Prune-10th-Layer,16,1,0.0
LLaMA3.2-1B_Prune-10th-Layer.json,LLaMA3.2-1B_Prune-10th-Layer,17,1,0.0
LLaMA3.2-1B_Prune-10th-Layer.json,LLaMA3.2-1B_Prune-10th-Layer,18,1,0.0
LLaMA3.2-1B_Prune-10th-Layer.json,LLaMA3.2-1B_Prune-10th-Layer,19,1,0.5
LLaMA3.2-1B_Prune-10th-Layer.json,LLaMA3.2-1B_Prune-10th-Layer,20,1,0.0
LLaMA3.2-1B_Prune-10th-Layer.json,LLaMA3.2-1B_Prune-10th-Layer,21,1,0.0
LLaMA3.2-1B_Prune-10th-Layer.json,LLaMA3.2-1B_Prune-10th-Layer,22,1,0.0
LLaMA3.2-1B_Prune-10th-Layer.json,LLaMA3.2-1B_Prune-10th-Layer,23,1,0.0
LLaMA3.2-1B_Prune-10th-Layer.json,LLaMA3.2-1B_Prune-10th-Layer,24,1,0.0
LLaMA3.2-1B_Prune-10th-Layer.json,LLaMA3.2-1B_Prune-10th-Layer,25,1,0.0
LLaMA3.2-1B_Prune-10th-Layer.json,LLaMA3.2-1B_Prune-10th-Layer,26,1,0.0
LLaMA3.2-1B_Prune-10th-Layer.json,LLaMA3.2-1B_Prune-10th-Layer,27,1,0.0
LLaMA3.2-1B_Prune-10th-Layer.json,LLaMA3.2-1B_Prune-10th-Layer,28,1,0.0
LLaMA3.2-1B_Prune-10th-Layer.json,LLaMA3.2-1B_Prune-10th-Layer,29,1,0.0
LLaMA3.2-1B_Prune-10th-Layer.json,LLaMA3.2-1B_Prune-10th-Layer,30,1,0.0
LLaMA3.2-1B_Prune-10th-Layer.json,LLaMA3.2-1B_Prune-10th-Layer,31,1,0.0
LLaMA3.2-1B_Prune-10th-Layer.json,LLaMA3.2-1B_Prune-10th-Layer,32,1,0.0
LLaMA3.2-1B_Prune-10th-Layer.json,LLaMA3.2-1B_Prune-10th-Layer,33,1,0.0
LLaMA3.2-1B_Prune-10th-Layer.json,LLaMA3.2-1B_Prune-10th-Layer,34,1,0.0
LLaMA3.2-1B_Prune-10th-Layer.json,LLaMA3.2-1B_Prune-10th-Layer,35,1,0.0
LLaMA3.2-1B_Prune-10th-Layer.json,LLaMA3.2-1B_Prune-10th-Layer,36,1,0.0
LLaMA3.2-1B_Prune-10th-Layer.json,LLaMA3.2-1B_Prune-10th-Layer,37,1,0.0
LLaMA3.2-1B_Prune-10th-Layer.json,LLaMA3.2-1B_Prune-10th-Layer,38,1,0.0
LLaMA3.2-1B_Prune-10th-Layer.json,LLaMA3.2-1B_Prune-10th-Layer,39,1,0.0
LLaMA3.2-1B_Prune-10th-Layer.json,LLaMA3.2-1B_Prune-10th-Layer,40,1,0.0
LLaMA3.2-1B_Prune-10th-Layer.json,LLaMA3.2-1B_Prune-10th-Layer,41,1,0.0
LLaMA3.2-1B_Prune-10th-Layer.json,LLaMA3.2-1B_Prune-10th-Layer,42,1,0.0
LLaMA3.2-1B_Prune-10th-Layer.json,LLaMA3.2-1B_Prune-10th-Layer,43,1,0.0
LLaMA3.2-1B_Prune-10th-Layer.json,LLaMA3.2-1B_Prune-10th-Layer,44,1,0.0
LLaMA3.2-1B_Prune-10th-Layer.json,LLaMA3.2-1B_Prune-10th-Layer,45,1,0.0
LLaMA3.2-1B_Prune-10th-Layer.json,LLaMA3.2-1B_Prune-10th-Layer,46,1,0.0
LLaMA3.2-1B_Prune-10th-Layer.json,LLaMA3.2-1B_Prune-10th-Layer,47,1,0.0
LLaMA3.2-1B_Prune-10th-Layer.json,LLaMA3.2-1B_Prune-10th-Layer,48,1,0.0
LLaMA3.2-1B_Prune-10th-Layer.json,LLaMA3.2-1B_Prune-10th-Layer,49,1,0.0
LLaMA3.2-1B_Prune-11th-Layer.json,LLaMA3.2-1B_Prune-11th-Layer,0,1,0.0
LLaMA3.2-1B_Prune-11th-Layer.json,LLaMA3.2-1B_Prune-11th-Layer,1,1,0.0
LLaMA3.2-1B_Prune-11th-Layer.json,LLaMA3.2-1B_Prune-11th-Layer,2,1,0.0
LLaMA3.2-1B_Prune-11th-Layer.json,LLaMA3.2-1B_Prune-11th-Layer,3,1,0.0
LLaMA3.2-1B_Prune-11th-Layer.json,LLaMA3.2-1B_Prune-11th-Layer,4,1,0.0
LLaMA3.2-1B_Prune-11th-Layer.json,LLaMA3.2-1B_Prune-11th-Layer,5,1,0.0
LLaMA3.2-1B_Prune-11th-Layer.json,LLaMA3.2-1B_Prune-11th-Layer,6,1,0.0
LLaMA3.2-1B_Prune-11th-Layer.json,LLaMA3.2-1B_Prune-11th-Layer,7,1,0.0
LLaMA3.2-1B_Prune-11th-Layer.json,LLaMA3.2-1B_Prune-11th-Layer,8,1,0.0
LLaMA3.2-1B_Prune-11th-Layer.json,LLaMA3.2-1B_Prune-11th-Layer,9,1,0.0
LLaMA3.2-1B_Prune-11th-Layer.json,LLaMA3.2-1B_Prune-11th-Layer,10,1,0.0
LLaMA3.2-1B_Prune-11th-Layer.json,LLaMA3.2-1B_Prune-11th-Layer,11,1,0.0
LLaMA3.2-1B_Prune-11th-Layer.json,LLaMA3.2-1B_Prune-11th-Layer,12,1,0.0
LLaMA3.2-1B_Prune-11th-Layer.json,LLaMA3.2-1B_Prune-11th-Layer,13,1,0.0
LLaMA3.2-1B_Prune-11th-Layer.json,LLaMA3.2-1B_Prune-11th-Layer,14,1,0.0
LLaMA3.2-1B_Prune-11th-Layer.json,LLaMA3.2-1B_Prune-11th-Layer,15,1,0.0
LLaMA3.2-1B_Prune-11th-Layer.json,LLaMA3.2-1B_Prune-11th-Layer,16,1,0.0
LLaMA3.2-1B_Prune-11th-Layer.json,LLaMA3.2-1B_Prune-11th-Layer,17,1,0.0
LLaMA3.2-1B_Prune-11th-Layer.json,LLaMA3.2-1B_Prune-11th-Layer,18,1,0.0
LLaMA3.2-1B_Prune-11th-Layer.json,LLaMA3.2-1B_Prune-11th-Layer,19,1,0.0
LLaMA3.2-1B_Prune-11th-Layer.json,LLaMA3.2-1B_Prune-11th-Layer,20,1,0.0
LLaMA3.2-1B_Prune-11th-Layer.json,LLaMA3.2-1B_Prune-11th-Layer,21,1,0.0
LLaMA3.2-1B_Prune-11th-Layer.json,LLaMA3.2-1B_Prune-11th-Layer,22,1,0.0
LLaMA3.2-1B_Prune-11th-Layer.json,LLaMA3.2-1B_Prune-11th-Layer,23,1,0.0
LLaMA3.2-1B_Prune-11th-Layer.json,LLaMA3.2-1B_Prune-11th-Layer,24,1,0.0
LLaMA3.2-1B_Prune-11th-Layer.json,LLaMA3.2-1B_Prune-11th-Layer,25,1,0.0
LLaMA3.2-1B_Prune-11th-Layer.json,LLaMA3.2-1B_Prune-11th-Layer,26,1,0.0
LLaMA3.2-1B_Prune-11th-Layer.json,LLaMA3.2-1B_Prune-11th-Layer,27,1,0.0
LLaMA3.2-1B_Prune-11th-Layer.json,LLaMA3.2-1B_Prune-11th-Layer,28,1,0.0
LLaMA3.2-1B_Prune-11th-Layer.json,LLaMA3.2-1B_Prune-11th-Layer,29,1,0.0
LLaMA3.2-1B_Prune-11th-Layer.json,LLaMA3.2-1B_Prune-11th-Layer,30,1,0.0
LLaMA3.2-1B_Prune-11th-Layer.json,LLaMA3.2-1B_Prune-11th-Layer,31,1,0.0
LLaMA3.2-1B_Prune-11th-Layer.json,LLaMA3.2-1B_Prune-11th-Layer,32,1,0.0
LLaMA3.2-1B_Prune-11th-Layer.json,LLaMA3.2-1B_Prune-11th-Layer,33,1,0.0
LLaMA3.2-1B_Prune-11th-Layer.json,LLaMA3.2-1B_Prune-11th-Layer,34,1,0.0
LLaMA3.2-1B_Prune-11th-Layer.json,LLaMA3.2-1B_Prune-11th-Layer,35,1,0.0
LLaMA3.2-1B_Prune-11th-Layer.json,LLaMA3.2-1B_Prune-11th-Layer,36,1,0.0
LLaMA3.2-1B_Prune-11th-Layer.json,LLaMA3.2-1B_Prune-11th-Layer,37,1,0.0
LLaMA3.2-1B_Prune-11th-Layer.json,LLaMA3.2-1B_Prune-11th-Layer,38,1,0.0
LLaMA3.2-1B_Prune-11th-Layer.json,LLaMA3.2-1B_Prune-11th-Layer,39,1,0.0
LLaMA3.2-1B_Prune-11th-Layer.json,LLaMA3.2-1B_Prune-11th-Layer,40,1,0.0
LLaMA3.2-1B_Prune-11th-Layer.json,LLaMA3.2-1B_Prune-11th-Layer,41,1,0.0
LLaMA3.2-1B_Prune-11th-Layer.json,LLaMA3.2-1B_Prune-11th-Layer,42,1,0.0
LLaMA3.2-1B_Prune-11th-Layer.json,LLaMA3.2-1B_Prune-11th-Layer,43,1,0.0
LLaMA3.2-1B_Prune-11th-Layer.json,LLaMA3.2-1B_Prune-11th-Layer,44,1,0.0
LLaMA3.2-1B_Prune-11th-Layer.json,LLaMA3.2-1B_Prune-11th-Layer,45,1,0.0
LLaMA3.2-1B_Prune-11th-Layer.json,LLaMA3.2-1B_Prune-11th-Layer,46,1,0.0
LLaMA3.2-1B_Prune-11th-Layer.json,LLaMA3.2-1B_Prune-11th-Layer,47,1,0.0
LLaMA3.2-1B_Prune-11th-Layer.json,LLaMA3.2-1B_Prune-11th-Layer,48,1,0.0
LLaMA3.2-1B_Prune-11th-Layer.json,LLaMA3.2-1B_Prune-11th-Layer,49,1,0.0
LLaMA3.2-1B_Prune-12th-Layer.json,LLaMA3.2-1B_Prune-12th-Layer,0,2,1.0
LLaMA3.2-1B_Prune-12th-Layer.json,LLaMA3.2-1B_Prune-12th-Layer,1,2,0.0
LLaMA3.2-1B_Prune-12th-Layer.json,LLaMA3.2-1B_Prune-12th-Layer,2,2,0.0
LLaMA3.2-1B_Prune-12th-Layer.json,LLaMA3.2-1B_Prune-12th-Layer,3,2,1.0
LLaMA3.2-1B_Prune-12th-Layer.json,LLaMA3.2-1B_Prune-12th-Layer,4,2,0.5
LLaMA3.2-1B_Prune-12th-Layer.json,LLaMA3.2-1B_Prune-12th-Layer,5,2,0.0
LLaMA3.2-1B_Prune-12th-Layer.json,LLaMA3.2-1B_Prune-12th-Layer,6,2,0.0
LLaMA3.2-1B_Prune-12th-Layer.json,LLaMA3.2-1B_Prune-12th-Layer,7,2,0.0
LLaMA3.2-1B_Prune-12th-Layer.json,LLaMA3.2-1B_Prune-12th-Layer,8,2,0.0
LLaMA3.2-1B_Prune-12th-Layer.json,LLaMA3.2-1B_Prune-12th-Layer,9,2,0.0
LLaMA3.2-1B_Prune-12th-Layer.json,LLaMA3.2-1B_Prune-12th-Layer,10,2,0.0
LLaMA3.2-1B_Prune-12th-Layer.json,LLaMA3.2-1B_Prune-12th-Layer,11,2,0.0
LLaMA3.2-1B_Prune-12th-Layer.json,LLaMA3.2-1B_Prune-12th-Layer,12,2,0.0
LLaMA3.2-1B_Prune-12th-Layer.json,LLaMA3.2-1B_Prune-12th-Layer,13,2,0.0
LLaMA3.2-1B_Prune-12th-Layer.json,LLaMA3.2-1B_Prune-12th-Layer,14,2,0.0
LLaMA3.2-1B_Prune-12th-Layer.json,LLaMA3.2-1B_Prune-12th-Layer,15,2,0.0
LLaMA3.2-1B_Prune-12th-Layer.json,LLaMA3.2-1B_Prune-12th-Layer,16,2,0.0
LLaMA3.2-1B_Prune-12th-Layer.json,LLaMA3.2-1B_Prune-12th-Layer,17,2,0.0
LLaMA3.2-1B_Prune-12th-Layer.json,LLaMA3.2-1B_Prune-12th-Layer,18,2,0.0
LLaMA3.2-1B_Prune-12th-Layer.json,LLaMA3.2-1B_Prune-12th-Layer,19,2,0.0
LLaMA3.2-1B_Prune-12th-Layer.json,LLaMA3.2-1B_Prune-12th-Layer,20,2,1.0
LLaMA3.2-1B_Prune-12th-Layer.json,LLaMA3.2-1B_Prune-12th-Layer,21,2,0.0
LLaMA3.2-1B_Prune-12th-Layer.json,LLaMA3.2-1B_Prune-12th-Layer,22,2,0.0
LLaMA3.2-1B_Prune-12th-Layer.json,LLaMA3.2-1B_Prune-12th-Layer,23,2,0.0
LLaMA3.2-1B_Prune-12th-Layer.json,LLaMA3.2-1B_Prune-12th-Layer,24,2,0.0
LLaMA3.2-1B_Prune-12th-Layer.json,LLaMA3.2-1B_Prune-12th-Layer,25,2,0.0
LLaMA3.2-1B_Prune-12th-Layer.json,LLaMA3.2-1B_Prune-12th-Layer,26,2,0.0
LLaMA3.2-1B_Prune-12th-Layer.json,LLaMA3.2-1B_Prune-12th-Layer,27,2,0.0
LLaMA3.2-1B_Prune-12th-Layer.json,LLaMA3.2-1B_Prune-12th-Layer,28,2,0.0
LLaMA3.2-1B_Prune-12th-Layer.json,LLaMA3.2-1B_Prune-12th-Layer,29,2,0.0
LLaMA3.2-1B_Prune-12th-Layer.json,LLaMA3.2-1B_Prune-12th-Layer,30,2,0.0
LLaMA3.2-1B_Prune-12th-Layer.json,LLaMA3.2-1B_Prune-12th-Layer,31,2,0.0
LLaMA3.2-1B_Prune-12th-Layer.json,LLaMA3.2-1B_Prune-12th-Layer,32,2,0.0
LLaMA3.2-1B_Prune-12th-Layer.json,LLaMA3.2-1B_Prune-12th-Layer,33,2,0.0
LLaMA3.2-1B_Prune-12th-Layer.json,LLaMA3.2-1B_Prune-12th-Layer,34,2,0.0
LLaMA3.2-1B_Prune-12th-Layer.json,LLaMA3.2-1B_Prune-12th-Layer,35,2,0.0
LLaMA3.2-1B_Prune-12th-Layer.json,LLaMA3.2-1B_Prune-12th-Layer,36,2,0.0
LLaMA3.2-1B_Prune-12th-Layer.json,LLaMA3.2-1B_Prune-12th-Layer,37,2,0.0
LLaMA3.2-1B_Prune-12th-Layer.json,LLaMA3.2-1B_Prune-12th-Layer,38,2,0.0
LLaMA3.2-1B_Prune-12th-Layer.json,LLaMA3.2-1B_Prune-12th-Layer,39,2,0.0
LLaMA3.2-1B_Prune-12th-Layer.json,LLaMA3.2-1B_Prune-12th-Layer,40,2,0.0
LLaMA3.2-1B_Prune-12th-Layer.json,LLaMA3.2-1B_Prune-12th-Layer,41,2,0.0
LLaMA3.2-1B_Prune-12th-Layer.json,LLaMA3.2-1B_Prune-12th-Layer,42,2,0.0
LLaMA3.2-1B_Prune-12th-Layer.json,LLaMA3.2-1B_Prune-12th-Layer,43,2,0.0
LLaMA3.2-1B_Prune-12th-Layer.json,LLaMA3.2-1B_Prune-12th-Layer,44,2,0.0
LLaMA3.2-1B_Prune-12th-Layer.json,LLaMA3.2-1B_Prune-12th-Layer,45,2,0.0
LLaMA3.2-1B_Prune-12th-Layer.json,LLaMA3.2-1B_Prune-12th-Layer,46,2,0.0
LLaMA3.2-1B_Prune-12th-Layer.json,LLaMA3.2-1B_Prune-12th-Layer,47,2,0.0
LLaMA3.2-1B_Prune-12th-Layer.json,LLaMA3.2-1B_Prune-12th-Layer,48,2,0.0
LLaMA3.2-1B_Prune-12th-Layer.json,LLaMA3.2-1B_Prune-12th-Layer,49,2,0.0
LLaMA3.2-1B_Prune-13th-Layer.json,LLaMA3.2-1B_Prune-13th-Layer,0,2,0.0
LLaMA3.2-1B_Prune-13th-Layer.json,LLaMA3.2-1B_Prune-13th-Layer,1,2,0.0
LLaMA3.2-1B_Prune-13th-Layer.json,LLaMA3.2-1B_Prune-13th-Layer,2,2,0.0
LLaMA3.2-1B_Prune-13th-Layer.json,LLaMA3.2-1B_Prune-13th-Layer,3,2,0.0
LLaMA3.2-1B_Prune-13th-Layer.json,LLaMA3.2-1B_Prune-13th-Layer,4,2,0.0
LLaMA3.2-1B_Prune-13th-Layer.json,LLaMA3.2-1B_Prune-13th-Layer,5,2,0.0
LLaMA3.2-1B_Prune-13th-Layer.json,LLaMA3.2-1B_Prune-13th-Layer,6,2,0.0
LLaMA3.2-1B_Prune-13th-Layer.json,LLaMA3.2-1B_Prune-13th-Layer,7,2,0.0
LLaMA3.2-1B_Prune-13th-Layer.json,LLaMA3.2-1B_Prune-13th-Layer,8,2,0.0
LLaMA3.2-1B_Prune-13th-Layer.json,LLaMA3.2-1B_Prune-13th-Layer,9,2,0.0
LLaMA3.2-1B_Prune-13th-Layer.json,LLaMA3.2-1B_Prune-13th-Layer,10,2,0.0
LLaMA3.2-1B_Prune-13th-Layer.json,LLaMA3.2-1B_Prune-13th-Layer,11,2,0.0
LLaMA3.2-1B_Prune-13th-Layer.json,LLaMA3.2-1B_Prune-13th-Layer,12,2,0.0
LLaMA3.2-1B_Prune-13th-Layer.json,LLaMA3.2-1B_Prune-13th-Layer,13,2,0.0
LLaMA3.2-1B_Prune-13th-Layer.json,LLaMA3.2-1B_Prune-13th-Layer,14,2,0.0
LLaMA3.2-1B_Prune-13th-Layer.json,LLaMA3.2-1B_Prune-13th-Layer,15,2,0.0
LLaMA3.2-1B_Prune-13th-Layer.json,LLaMA3.2-1B_Prune-13th-Layer,16,2,0.0
LLaMA3.2-1B_Prune-13th-Layer.json,LLaMA3.2-1B_Prune-13th-Layer,17,2,0.0
LLaMA3.2-1B_Prune-13th-Layer.json,LLaMA3.2-1B_Prune-13th-Layer,18,2,0.0
LLaMA3.2-1B_Prune-13th-Layer.json,LLaMA3.2-1B_Prune-13th-Layer,19,2,0.0
LLaMA3.2-1B_Prune-13th-Layer.json,LLaMA3.2-1B_Prune-13th-Layer,20,2,0.0
LLaMA3.2-1B_Prune-13th-Layer.json,LLaMA3.2-1B_Prune-13th-Layer,21,2,0.0
LLaMA3.2-1B_Prune-13th-Layer.json,LLaMA3.2-1B_Prune-13th-Layer,22,2,0.0
LLaMA3.2-1B_Prune-13th-Layer.json,LLaMA3.2-1B_Prune-13th-Layer,23,2,0.0
LLaMA3.2-1B_Prune-13th-Layer.json,LLaMA3.2-1B_Prune-13th-Layer,24,2,0.0
LLaMA3.2-1B_Prune-13th-Layer.json,LLaMA3.2-1B_Prune-13th-Layer,25,2,0.0
LLaMA3.2-1B_Prune-13th-Layer.json,LLaMA3.2-1B_Prune-13th-Layer,26,2,0.0
LLaMA3.2-1B_Prune-13th-Layer.json,LLaMA3.2-1B_Prune-13th-Layer,27,2,0.0
LLaMA3.2-1B_Prune-13th-Layer.json,LLaMA3.2-1B_Prune-13th-Layer,28,2,0.0
LLaMA3.2-1B_Prune-13th-Layer.json,LLaMA3.2-1B_Prune-13th-Layer,29,2,0.0
LLaMA3.2-1B_Prune-13th-Layer.json,LLaMA3.2-1B_Prune-13th-Layer,30,2,0.0
LLaMA3.2-1B_Prune-13th-Layer.json,LLaMA3.2-1B_Prune-13th-Layer,31,2,0.0
LLaMA3.2-1B_Prune-13th-Layer.json,LLaMA3.2-1B_Prune-13th-Layer,32,2,0.0
LLaMA3.2-1B_Prune-13th-Layer.json,LLaMA3.2-1B_Prune-13th-Layer,33,2,0.0
LLaMA3.2-1B_Prune-13th-Layer.json,LLaMA3.2-1B_Prune-13th-Layer,34,2,0.0
LLaMA3.2-1B_Prune-13th-Layer.json,LLaMA3.2-1B_Prune-13th-Layer,35,2,0.0
LLaMA3.2-1B_Prune-13th-Layer.json,LLaMA3.2-1B_Prune-13th-Layer,36,2,0.0
LLaMA3.2-1B_Prune-13th-Layer.json,LLaMA3.2-1B_Prune-13th-Layer,37,2,0.0
LLaMA3.2-1B_Prune-13th-Layer.json,LLaMA3.2-1B_Prune-13th-Layer,38,2,0.0
LLaMA3.2-1B_Prune-13th-Layer.json,LLaMA3.2-1B_Prune-13th-Layer,39,2,0.0
LLaMA3.2-1B_Prune-13th-Layer.json,LLaMA3.2-1B_Prune-13th-Layer,40,2,0.0
LLaMA3.2-1B_Prune-13th-Layer.json,LLaMA3.2-1B_Prune-13th-Layer,41,2,0.0
LLaMA3.2-1B_Prune-13th-Layer.json,LLaMA3.2-1B_Prune-13th-Layer,42,2,0.0
LLaMA3.2-1B_Prune-13th-Layer.json,LLaMA3.2-1B_Prune-13th-Layer,43,2,0.0
LLaMA3.2-1B_Prune-13th-Layer.json,LLaMA3.2-1B_Prune-13th-Layer,44,2,0.0
LLaMA3.2-1B_Prune-13th-Layer.json,LLaMA3.2-1B_Prune-13th-Layer,45,2,0.0
LLaMA3.2-1B_Prune-13th-Layer.json,LLaMA3.2-1B_Prune-13th-Layer,46,2,0.0
LLaMA3.2-1B_Prune-13th-Layer.json,LLaMA3.2-1B_Prune-13th-Layer,47,2,0.0
LLaMA3.2-1B_Prune-13th-Layer.json,LLaMA3.2-1B_Prune-13th-Layer,48,2,
LLaMA3.2-1B_Prune-13th-Layer.json,LLaMA3.2-1B_Prune-13th-Layer,49,2,
LLaMA3.2-1B_Prune-14th-Layer.json,LLaMA3.2-1B_Prune-14th-Layer,0,3,0.0
LLaMA3.2-1B_Prune-14th-Layer.json,LLaMA3.2-1B_Prune-14th-Layer,1,3,0.0
LLaMA3.2-1B_Prune-14th-Layer.json,LLaMA3.2-1B_Prune-14th-Layer,2,3,0.0
LLaMA3.2-1B_Prune-14th-Layer.json,LLaMA3.2-1B_Prune-14th-Layer,3,3,1.0
LLaMA3.2-1B_Prune-14th-Layer.json,LLaMA3.2-1B_Prune-14th-Layer,4,3,0.0
LLaMA3.2-1B_Prune-14th-Layer.json,LLaMA3.2-1B_Prune-14th-Layer,5,3,0.0
LLaMA3.2-1B_Prune-14th-Layer.json,LLaMA3.2-1B_Prune-14th-Layer,6,3,0.0
LLaMA3.2-1B_Prune-14th-Layer.json,LLaMA3.2-1B_Prune-14th-Layer,7,3,0.0
LLaMA3.2-1B_Prune-14th-Layer.json,LLaMA3.2-1B_Prune-14th-Layer,8,3,0.0
LLaMA3.2-1B_Prune-14th-Layer.json,LLaMA3.2-1B_Prune-14th-Layer,9,3,0.0
LLaMA3.2-1B_Prune-14th-Layer.json,LLaMA3.2-1B_Prune-14th-Layer,10,3,0.0
LLaMA3.2-1B_Prune-14th-Layer.json,LLaMA3.2-1B_Prune-14th-Layer,11,3,0.0
LLaMA3.2-1B_Prune-14th-Layer.json,LLaMA3.2-1B_Prune-14th-Layer,12,3,0.0
LLaMA3.2-1B_Prune-14th-Layer.json,LLaMA3.2-1B_Prune-14th-Layer,13,3,0.0
LLaMA3.2-1B_Prune-14th-Layer.json,LLaMA3.2-1B_Prune-14th-Layer,14,3,0.0
LLaMA3.2-1B_Prune-14th-Layer.json,LLaMA3.2-1B_Prune-14th-Layer,15,3,0.0
LLaMA3.2-1B_Prune-14th-Layer.json,LLaMA3.2-1B_Prune-14th-Layer,16,3,0.0
LLaMA3.2-1B_Prune-14th-Layer.json,LLaMA3.2-1B_Prune-14th-Layer,17,3,0.0
LLaMA3.2-1B_Prune-14th-Layer.json,LLaMA3.2-1B_Prune-14th-Layer,18,3,0.0
LLaMA3.2-1B_Prune-14th-Layer.json,LLaMA3.2-1B_Prune-14th-Layer,19,3,0.0
LLaMA3.2-1B_Prune-14th-Layer.json,LLaMA3.2-1B_Prune-14th-Layer,20,3,0.5
LLaMA3.2-1B_Prune-14th-Layer.json,LLaMA3.2-1B_Prune-14th-Layer,21,3,0.0
LLaMA3.2-1B_Prune-14th-Layer.json,LLaMA3.2-1B_Prune-14th-Layer,22,3,0.0
LLaMA3.2-1B_Prune-14th-Layer.json,LLaMA3.2-1B_Prune-14th-Layer,23,3,0.0
LLaMA3.2-1B_Prune-14th-Layer.json,LLaMA3.2-1B_Prune-14th-Layer,24,3,0.0
LLaMA3.2-1B_Prune-14th-Layer.json,LLaMA3.2-1B_Prune-14th-Layer,25,3,0.0
LLaMA3.2-1B_Prune-14th-Layer.json,LLaMA3.2-1B_Prune-14th-Layer,26,3,0.0
LLaMA3.2-1B_Prune-14th-Layer.json,LLaMA3.2-1B_Prune-14th-Layer,27,3,0.0
LLaMA3.2-1B_Prune-14th-Layer.json,LLaMA3.2-1B_Prune-14th-Layer,28,3,0.0
LLaMA3.2-1B_Prune-14th-Layer.json,LLaMA3.2-1B_Prune-14th-Layer,29,3,0.0
LLaMA3.2-1B_Prune-14th-Layer.json,LLaMA3.2-1B_Prune-14th-Layer,30,3,0.0
LLaMA3.2-1B_Prune-14th-Layer.json,LLaMA3.2-1B_Prune-14th-Layer,31,3,0.0
LLaMA3.2-1B_Prune-14th-Layer.json,LLaMA3.2-1B_Prune-14th-Layer,32,3,0.0
LLaMA3.2-1B_Prune-14th-Layer.json,LLaMA3.2-1B_Prune-14th-Layer,33,3,0.0
LLaMA3.2-1B_Prune-14th-Layer.json,LLaMA3.2-1B_Prune-14th-Layer,34,3,0.0
LLaMA3.2-1B_Prune-14th-Layer.json,LLaMA3.2-1B_Prune-14th-Layer,35,3,0.0
LLaMA3.2-1B_Prune-14th-Layer.json,LLaMA3.2-1B_Prune-14th-Layer,36,3,0.0
LLaMA3.2-1B_Prune-14th-Layer.json,LLaMA3.2-1B_Prune-14th-Layer,37,3,0.0
LLaMA3.2-1B_Prune-14th-Layer.json,LLaMA3.2-1B_Prune-14th-Layer,38,3,0.0
LLaMA3.2-1B_Prune-14th-Layer.json,LLaMA3.2-1B_Prune-14th-Layer,39,3,0.0
LLaMA3.2-1B_Prune-14th-Layer.json,LLaMA3.2-1B_Prune-14th-Layer,40,3,0.0
LLaMA3.2-1B_Prune-14th-Layer.json,LLaMA3.2-1B_Prune-14th-Layer,41,3,0.0
LLaMA3.2-1B_Prune-14th-Layer.json,LLaMA3.2-1B_Prune-14th-Layer,42,3,0.0
LLaMA3.2-1B_Prune-14th-Layer.json,LLaMA3.2-1B_Prune-14th-Layer,43,3,0.0
LLaMA3.2-1B_Prune-14th-Layer.json,LLaMA3.2-1B_Prune-14th-Layer,44,3,0.0
LLaMA3.2-1B_Prune-14th-Layer.json,LLaMA3.2-1B_Prune-14th-Layer,45,3,0.0
LLaMA3.2-1B_Prune-14th-Layer.json,LLaMA3.2-1B_Prune-14th-Layer,46,3,0.0
LLaMA3.2-1B_Prune-14th-Layer.json,LLaMA3.2-1B_Prune-14th-Layer,47,3,0.0
LLaMA3.2-1B_Prune-14th-Layer.json,LLaMA3.2-1B_Prune-14th-Layer,48,3,0.0
LLaMA3.2-1B_Prune-14th-Layer.json,LLaMA3.2-1B_Prune-14th-Layer,49,3,0.0
LLaMA3.2-1B_Prune-15th-Layer.json,LLaMA3.2-1B_Prune-15th-Layer,0,3,0.0
LLaMA3.2-1B_Prune-15th-Layer.json,LLaMA3.2-1B_Prune-15th-Layer,1,3,0.0
LLaMA3.2-1B_Prune-15th-Layer.json,LLaMA3.2-1B_Prune-15th-Layer,2,3,0.0
LLaMA3.2-1B_Prune-15th-Layer.json,LLaMA3.2-1B_Prune-15th-Layer,3,3,0.0
LLaMA3.2-1B_Prune-15th-Layer.json,LLaMA3.2-1B_Prune-15th-Layer,4,3,0.0
LLaMA3.2-1B_Prune-15th-Layer.json,LLaMA3.2-1B_Prune-15th-Layer,5,3,0.0
LLaMA3.2-1B_Prune-15th-Layer.json,LLaMA3.2-1B_Prune-15th-Layer,6,3,0.0
LLaMA3.2-1B_Prune-15th-Layer.json,LLaMA3.2-1B_Prune-15th-Layer,7,3,0.0
LLaMA3.2-1B_Prune-15th-Layer.json,LLaMA3.2-1B_Prune-15th-Layer,8,3,0.0
LLaMA3.2-1B_Prune-15th-Layer.json,LLaMA3.2-1B_Prune-15th-Layer,9,3,0.0
LLaMA3.2-1B_Prune-15th-Layer.json,LLaMA3.2-1B_Prune-15th-Layer,10,3,0.0
LLaMA3.2-1B_Prune-15th-Layer.json,LLaMA3.2-1B_Prune-15th-Layer,11,3,0.0
LLaMA3.2-1B_Prune-15th-Layer.json,LLaMA3.2-1B_Prune-15th-Layer,12,3,0.0
LLaMA3.2-1B_Prune-15th-Layer.json,LLaMA3.2-1B_Prune-15th-Layer,13,3,0.0
LLaMA3.2-1B_Prune-15th-Layer.json,LLaMA3.2-1B_Prune-15th-Layer,14,3,0.0
LLaMA3.2-1B_Prune-15th-Layer.json,LLaMA3.2-1B_Prune-15th-Layer,15,3,0.0
LLaMA3.2-1B_Prune-15th-Layer.json,LLaMA3.2-1B_Prune-15th-Layer,16,3,0.0
LLaMA3.2-1B_Prune-15th-Layer.json,LLaMA3.2-1B_Prune-15th-Layer,17,3,0.0
LLaMA3.2-1B_Prune-15th-Layer.json,LLaMA3.2-1B_Prune-15th-Layer,18,3,0.0
LLaMA3.2-1B_Prune-15th-Layer.json,LLaMA3.2-1B_Prune-15th-Layer,19,3,0.0
LLaMA3.2-1B_Prune-15th-Layer.json,LLaMA3.2-1B_Prune-15th-Layer,20,3,0.0
LLaMA3.2-1B_Prune-15th-Layer.json,LLaMA3.2-1B_Prune-15th-Layer,21,3,0.0
LLaMA3.2-1B_Prune-15th-Layer.json,LLaMA3.2-1B_Prune-15th-Layer,22,3,0.0
LLaMA3.2-1B_Prune-15th-Layer.json,LLaMA3.2-1B_Prune-15th-Layer,23,3,0.0
LLaMA3.2-1B_Prune-15th-Layer.json,LLaMA3.2-1B_Prune-15th-Layer,24,3,0.0
LLaMA3.2-1B_Prune-15th-Layer.json,LLaMA3.2-1B_Prune-15th-Layer,25,3,0.0
LLaMA3.2-1B_Prune-15th-Layer.json,LLaMA3.2-1B_Prune-15th-Layer,26,3,0.0
LLaMA3.2-1B_Prune-15th-Layer.json,LLaMA3.2-1B_Prune-15th-Layer,27,3,0.0
LLaMA3.2-1B_Prune-15th-Layer.json,LLaMA3.2-1B_Prune-15th-Layer,28,3,0.0
LLaMA3.2-1B_Prune-15th-Layer.json,LLaMA3.2-1B_Prune-15th-Layer,29,3,0.0
LLaMA3.2-1B_Prune-15th-Layer.json,LLaMA3.2-1B_Prune-15th-Layer,30,3,0.0
LLaMA3.2-1B_Prune-15th-Layer.json,LLaMA3.2-1B_Prune-15th-Layer,31,3,0.0
LLaMA3.2-1B_Prune-15th-Layer.json,LLaMA3.2-1B_Prune-15th-Layer,32,3,0.0
LLaMA3.2-1B_Prune-15th-Layer.json,LLaMA3.2-1B_Prune-15th-Layer,33,3,0.0
LLaMA3.2-1B_Prune-15th-Layer.json,LLaMA3.2-1B_Prune-15th-Layer,34,3,0.0
LLaMA3.2-1B_Prune-15th-Layer.json,LLaMA3.2-1B_Prune-15th-Layer,35,3,0.0
LLaMA3.2-1B_Prune-15th-Layer.json,LLaMA3.2-1B_Prune-15th-Layer,36,3,0.0
LLaMA3.2-1B_Prune-15th-Layer.json,LLaMA3.2-1B_Prune-15th-Layer,37,3,0.0
LLaMA3.2-1B_Prune-15th-Layer.json,LLaMA3.2-1B_Prune-15th-Layer,38,3,0.0
LLaMA3.2-1B_Prune-15th-Layer.json,LLaMA3.2-1B_Prune-15th-Layer,39,3,0.0
LLaMA3.2-1B_Prune-15th-Layer.json,LLaMA3.2-1B_Prune-15th-Layer,40,3,0.0
LLaMA3.2-1B_Prune-15th-Layer.json,LLaMA3.2-1B_Prune-15th-Layer,41,3,0.0
LLaMA3.2-1B_Prune-15th-Layer.json,LLaMA3.2-1B_Prune-15th-Layer,42,3,0.0
LLaMA3.2-1B_Prune-15th-Layer.json,LLaMA3.2-1B_Prune-15th-Layer,43,3,0.0
LLaMA3.2-1B_Prune-15th-Layer.json,LLaMA3.2-1B_Prune-15th-Layer,44,3,0.0
LLaMA3.2-1B_Prune-15th-Layer.json,LLaMA3.2-1B_Prune-15th-Layer,45,3,0.0
LLaMA3.2-1B_Prune-15th-Layer.json,LLaMA3.2-1B_Prune-15th-Layer,46,3,0.0
LLaMA3.2-1B_Prune-15th-Layer.json,LLaMA3.2-1B_Prune-15th-Layer,47,3,0.0
LLaMA3.2-1B_Prune-15th-Layer.json,LLaMA3.2-1B_Prune-15th-Layer,48,3,0.0
LLaMA3.2-1B_Prune-15th-Layer.json,LLaMA3.2-1B_Prune-15th-Layer,49,3,0.0
LLaMA3.2-1B_Prune-1th-Layer.json,LLaMA3.2-1B_Prune-1th-Layer,0,4,1.0
LLaMA3.2-1B_Prune-1th-Layer.json,LLaMA3.2-1B_Prune-1th-Layer,1,4,0.0
LLaMA3.2-1B_Prune-1th-Layer.json,LLaMA3.2-1B_Prune-1th-Layer,2,4,0.0
LLaMA3.2-1B_Prune-1th-Layer.json,LLaMA3.2-1B_Prune-1th-Layer,3,4,1.0
LLaMA3.2-1B_Prune-1th-Layer.json,LLaMA3.2-1B_Prune-1th-Layer,4,4,0.0
LLaMA3.2-1B_Prune-1th-Layer.json,LLaMA3.2-1B_Prune-1th-Layer,5,4,0.0
LLaMA3.2-1B_Prune-1th-Layer.json,LLaMA3.2-1B_Prune-1th-Layer,6,4,0.0
LLaMA3.2-1B_Prune-1th-Layer.json,LLaMA3.2-1B_Prune-1th-Layer,7,4,0.0
LLaMA3.2-1B_Prune-1th-Layer.json,LLaMA3.2-1B_Prune-1th-Layer,8,4,0.0
LLaMA3.2-1B_Prune-1th-Layer.json,LLaMA3.2-1B_Prune-1th-Layer,9,4,0.0
LLaMA3.2-1B_Prune-1th-Layer.json,LLaMA3.2-1B_Prune-1th-Layer,10,4,0.0
LLaMA3.2-1B_Prune-1th-Layer.json,LLaMA3.2-1B_Prune-1th-Layer,11,4,0.0
LLaMA3.2-1B_Prune-1th-Layer.json,LLaMA3.2-1B_Prune-1th-Layer,12,4,0.0
LLaMA3.2-1B_Prune-1th-Layer.json,LLaMA3.2-1B_Prune-1th-Layer,13,4,0.0
LLaMA3.2-1B_Prune-1th-Layer.json,LLaMA3.2-1B_Prune-1th-Layer,14,4,0.0
LLaMA3.2-1B_Prune-1th-Layer.json,LLaMA3.2-1B_Prune-1th-Layer,15,4,0.0
LLaMA3.2-1B_Prune-1th-Layer.json,LLaMA3.2-1B_Prune-1th-Layer,16,4,0.0
LLaMA3.2-1B_Prune-1th-Layer.json,LLaMA3.2-1B_Prune-1th-Layer,17,4,0.0
LLaMA3.2-1B_Prune-1th-Layer.json,LLaMA3.2-1B_Prune-1th-Layer,18,4,0.0
LLaMA3.2-1B_Prune-1th-Layer.json,LLaMA3.2-1B_Prune-1th-Layer,19,4,1.0
LLaMA3.2-1B_Prune-1th-Layer.json,LLaMA3.2-1B_Prune-1th-Layer,20,4,1.0
LLaMA3.2-1B_Prune-1th-Layer.json,LLaMA3.2-1B_Prune-1th-Layer,21,4,0.0
LLaMA3.2-1B_Prune-1th-Layer.json,LLaMA3.2-1B_Prune-1th-Layer,22,4,0.0
LLaMA3.2-1B_Prune-1th-Layer.json,LLaMA3.2-1B_Prune-1th-Layer,23,4,0.0
LLaMA3.2-1B_Prune-1th-Layer.json,LLaMA3.2-1B_Prune-1th-Layer,24,4,0.0
LLaMA3.2-1B_Prune-1th-Layer.json,LLaMA3.2-1B_Prune-1th-Layer,25,4,0.0
LLaMA3.2-1B_Prune-1th-Layer.json,LLaMA3.2-1B_Prune-1th-Layer,26,4,0.0
LLaMA3.2-1B_Prune-1th-Layer.json,LLaMA3.2-1B_Prune-1th-Layer,27,4,0.0
LLaMA3.2-1B_Prune-1th-Layer.json,LLaMA3.2-1B_Prune-1th-Layer,28,4,0.0
LLaMA3.2-1B_Prune-1th-Layer.json,LLaMA3.2-1B_Prune-1th-Layer,29,4,0.0
LLaMA3.2-1B_Prune-1th-Layer.json,LLaMA3.2-1B_Prune-1th-Layer,30,4,0.0
LLaMA3.2-1B_Prune-1th-Layer.json,LLaMA3.2-1B_Prune-1th-Layer,31,4,0.0
LLaMA3.2-1B_Prune-1th-Layer.json,LLaMA3.2-1B_Prune-1th-Layer,32,4,0.0
LLaMA3.2-1B_Prune-1th-Layer.json,LLaMA3.2-1B_Prune-1th-Layer,33,4,0.0
LLaMA3.2-1B_Prune-1th-Layer.json,LLaMA3.2-1B_Prune-1th-Layer,34,4,0.0
LLaMA3.2-1B_Prune-1th-Layer.json,LLaMA3.2-1B_Prune-1th-Layer,35,4,0.0
LLaMA3.2-1B_Prune-1th-Layer.json,LLaMA3.2-1B_Prune-1th-Layer,36,4,0.0
LLaMA3.2-1B_Prune-1th-Layer.json,LLaMA3.2-1B_Prune-1th-Layer,37,4,0.0
LLaMA3.2-1B_Prune-1th-Layer.json,LLaMA3.2-1B_Prune-1th-Layer,38,4,0.0
LLaMA3.2-1B_Prune-1th-Layer.json,LLaMA3.2-1B_Prune-1th-Layer,39,4,0.0
LLaMA3.2-1B_Prune-1th-Layer.json,LLaMA3.2-1B_Prune-1th-Layer,40,4,0.0
LLaMA3.2-1B_Prune-1th-Layer.json,LLaMA3.2-1B_Prune-1th-Layer,41,4,0.0
LLaMA3.2-1B_Prune-1th-Layer.json,LLaMA3.2-1B_Prune-1th-Layer,42,4,0.0
LLaMA3.2-1B_Prune-1th-Layer.json,LLaMA3.2-1B_Prune-1th-Layer,43,4,0.0
LLaMA3.2-1B_Prune-1th-Layer.json,LLaMA3.2-1B_Prune-1th-Layer,44,4,0.0
LLaMA3.2-1B_Prune-1th-Layer.json,LLaMA3.2-1B_Prune-1th-Layer,45,4,0.0
LLaMA3.2-1B_Prune-1th-Layer.json,LLaMA3.2-1B_Prune-1th-Layer,46,4,0.0
LLaMA3.2-1B_Prune-1th-Layer.json,LLaMA3.2-1B_Prune-1th-Layer,47,4,0.0
LLaMA3.2-1B_Prune-1th-Layer.json,LLaMA3.2-1B_Prune-1th-Layer,48,4,0.0
LLaMA3.2-1B_Prune-1th-Layer.json,LLaMA3.2-1B_Prune-1th-Layer,49,4,0.0
LLaMA3.2-1B_Prune-2th-Layer.json,LLaMA3.2-1B_Prune-2th-Layer,0,4,0.0
LLaMA3.2-1B_Prune-2th-Layer.json,LLaMA3.2-1B_Prune-2th-Layer,1,4,0.0
LLaMA3.2-1B_Prune-2th-Layer.json,LLaMA3.2-1B_Prune-2th-Layer,2,4,0.0
LLaMA3.2-1B_Prune-2th-Layer.json,LLaMA3.2-1B_Prune-2th-Layer,3,4,0.0
LLaMA3.2-1B_Prune-2th-Layer.json,LLaMA3.2-1B_Prune-2th-Layer,4,4,0.0
LLaMA3.2-1B_Prune-2th-Layer.json,LLaMA3.2-1B_Prune-2th-Layer,5,4,0.0
LLaMA3.2-1B_Prune-2th-Layer.json,LLaMA3.2-1B_Prune-2th-Layer,6,4,0.0
LLaMA3.2-1B_Prune-2th-Layer.json,LLaMA3.2-1B_Prune-2th-Layer,7,4,0.0
LLaMA3.2-1B_Prune-2th-Layer.json,LLaMA3.2-1B_Prune-2th-Layer,8,4,0.0
LLaMA3.2-1B_Prune-2th-Layer.json,LLaMA3.2-1B_Prune-2th-Layer,9,4,0.0
LLaMA3.2-1B_Prune-2th-Layer.json,LLaMA3.2-1B_Prune-2th-Layer,10,4,0.0
LLaMA3.2-1B_Prune-2th-Layer.json,LLaMA3.2-1B_Prune-2th-Layer,11,4,0.0
LLaMA3.2-1B_Prune-2th-Layer.json,LLaMA3.2-1B_Prune-2th-Layer,12,4,0.0
LLaMA3.2-1B_Prune-2th-Layer.json,LLaMA3.2-1B_Prune-2th-Layer,13,4,0.0
LLaMA3.2-1B_Prune-2th-Layer.json,LLaMA3.2-1B_Prune-2th-Layer,14,4,0.0
LLaMA3.2-1B_Prune-2th-Layer.json,LLaMA3.2-1B_Prune-2th-Layer,15,4,0.0
LLaMA3.2-1B_Prune-2th-Layer.json,LLaMA3.2-1B_Prune-2th-Layer,16,4,0.0
LLaMA3.2-1B_Prune-2th-Layer.json,LLaMA3.2-1B_Prune-2th-Layer,17,4,0.0
LLaMA3.2-1B_Prune-2th-Layer.json,LLaMA3.2-1B_Prune-2th-Layer,18,4,0.0
LLaMA3.2-1B_Prune-2th-Layer.json,LLaMA3.2-1B_Prune-2th-Layer,19,4,0.0
LLaMA3.2-1B_Prune-2th-Layer.json,LLaMA3.2-1B_Prune-2th-Layer,20,4,0.0
LLaMA3.2-1B_Prune-2th-Layer.json,LLaMA3.2-1B_Prune-2th-Layer,21,4,0.0
LLaMA3.2-1B_Prune-2th-Layer.json,LLaMA3.2-1B_Prune-2th-Layer,22,4,0.0
LLaMA3.2-1B_Prune-2th-Layer.json,LLaMA3.2-1B_Prune-2th-Layer,23,4,0.0
LLaMA3.2-1B_Prune-2th-Layer.json,LLaMA3.2-1B_Prune-2th-Layer,24,4,0.0
LLaMA3.2-1B_Prune-2th-Layer.json,LLaMA3.2-1B_Prune-2th-Layer,25,4,0.0
LLaMA3.2-1B_Prune-2th-Layer.json,LLaMA3.2-1B_Prune-2th-Layer,26,4,0.0
LLaMA3.2-1B_Prune-2th-Layer.json,LLaMA3.2-1B_Prune-2th-Layer,27,4,0.0
LLaMA3.2-1B_Prune-2th-Layer.json,LLaMA3.2-1B_Prune-2th-Layer,28,4,0.0
LLaMA3.2-1B_Prune-2th-Layer.json,LLaMA3.2-1B_Prune-2th-Layer,29,4,0.0
LLaMA3.2-1B_Prune-2th-Layer.json,LLaMA3.2-1B_Prune-2th-Layer,30,4,0.0
LLaMA3.2-1B_Prune-2th-Layer.json,LLaMA3.2-1B_Prune-2th-Layer,31,4,0.0
LLaMA3.2-1B_Prune-2th-Layer.json,LLaMA3.2-1B_Prune-2th-Layer,32,4,0.0
LLaMA3.2-1B_Prune-2th-Layer.json,LLaMA3.2-1B_Prune-2th-Layer,33,4,0.0
LLaMA3.2-1B_Prune-2th-Layer.json,LLaMA3.2-1B_Prune-2th-Layer,34,4,0.0
LLaMA3.2-1B_Prune-2th-Layer.json,LLaMA3.2-1B_Prune-2th-Layer,35,4,0.0
LLaMA3.2-1B_Prune-2th-Layer.json,LLaMA3.2-1B_Prune-2th-Layer,36,4,0.0
LLaMA3.2-1B_Prune-2th-Layer.json,LLaMA3.2-1B_Prune-2th-Layer,37,4,0.0
LLaMA3.2-1B_Prune-2th-Layer.json,LLaMA3.2-1B_Prune-2th-Layer,38,4,0.0
LLaMA3.2-1B_Prune-2th-Layer.json,LLaMA3.2-1B_Prune-2th-Layer,39,4,0.0
LLaMA3.2-1B_Prune-2th-Layer.json,LLaMA3.2-1B_Prune-2th-Layer,40,4,0.0
LLaMA3.2-1B_Prune-2th-Layer.json,LLaMA3.2-1B_Prune-2th-Layer,41,4,0.0
LLaMA3.2-1B_Prune-2th-Layer.json,LLaMA3.2-1B_Prune-2th-Layer,42,4,0.0
LLaMA3.2-1B_Prune-2th-Layer.json,LLaMA3.2-1B_Prune-2th-Layer,43,4,0.0
LLaMA3.2-1B_Prune-2th-Layer.json,LLaMA3.2-1B_Prune-2th-Layer,44,4,0.0
LLaMA3.2-1B_Prune-2th-Layer.json,LLaMA3.2-1B_Prune-2th-Layer,45,4,0.0
LLaMA3.2-1B_Prune-2th-Layer.json,LLaMA3.2-1B_Prune-2th-Layer,46,4,0.0
LLaMA3.2-1B_Prune-2th-Layer.json,LLaMA3.2-1B_Prune-2th-Layer,47,4,0.0
LLaMA3.2-1B_Prune-2th-Layer.json,LLaMA3.2-1B_Prune-2th-Layer,48,4,0.0
LLaMA3.2-1B_Prune-2th-Layer.json,LLaMA3.2-1B_Prune-2th-Layer,49,4,
LLaMA3.2-1B_Prune-3th-Layer.json,LLaMA3.2-1B_Prune-3th-Layer,0,5,0.0
LLaMA3.2-1B_Prune-3th-Layer.json,LLaMA3.2-1B_Prune-3th-Layer,1,5,0.0
LLaMA3.2-1B_Prune-3th-Layer.json,LLaMA3.2-1B_Prune-3th-Layer,2,5,0.0
LLaMA3.2-1B_Prune-3th-Layer.json,LLaMA3.2-1B_Prune-3th-Layer,3,5,1.0
LLaMA3.2-1B_Prune-3th-Layer.json,LLaMA3.2-1B_Prune-3th-Layer,4,5,0.0
LLaMA3.2-1B_Prune-3th-Layer.json,LLaMA3.2-1B_Prune-3th-Layer,5,5,0.5
LLaMA3.2-1B_Prune-3th-Layer.json,LLaMA3.2-1B_Prune-3th-Layer,6,5,0.0
LLaMA3.2-1B_Prune-3th-Layer.json,LLaMA3.2-1B_Prune-3th-Layer,7,5,0.0
LLaMA3.2-1B_Prune-3th-Layer.json,LLaMA3.2-1B_Prune-3th-Layer,8,5,0.0
LLaMA3.2-1B_Prune-3th-Layer.json,LLaMA3.2-1B_Prune-3th-Layer,9,5,0.0
LLaMA3.2-1B_Prune-3th-Layer.json,LLaMA3.2-1B_Prune-3th-Layer,10,5,0.0
LLaMA3.2-1B_Prune-3th-Layer.json,LLaMA3.2-1B_Prune-3th-Layer,11,5,0.0
LLaMA3.2-1B_Prune-3th-Layer.json,LLaMA3.2-1B_Prune-3th-Layer,12,5,0.0
LLaMA3.2-1B_Prune-3th-Layer.json,LLaMA3.2-1B_Prune-3th-Layer,13,5,0.0
LLaMA3.2-1B_Prune-3th-Layer.json,LLaMA3.2-1B_Prune-3th-Layer,14,5,0.0
LLaMA3.2-1B_Prune-3th-Layer.json,LLaMA3.2-1B_Prune-3th-Layer,15,5,0.0
LLaMA3.2-1B_Prune-3th-Layer.json,LLaMA3.2-1B_Prune-3th-Layer,16,5,0.0
LLaMA3.2-1B_Prune-3th-Layer.json,LLaMA3.2-1B_Prune-3th-Layer,17,5,0.0
LLaMA3.2-1B_Prune-3th-Layer.json,LLaMA3.2-1B_Prune-3th-Layer,18,5,0.0
LLaMA3.2-1B_Prune-3th-Layer.json,LLaMA3.2-1B_Prune-3th-Layer,19,5,0.0
LLaMA3.2-1B_Prune-3th-Layer.json,LLaMA3.2-1B_Prune-3th-Layer,20,5,1.0
LLaMA3.2-1B_Prune-3th-Layer.json,LLaMA3.2-1B_Prune-3th-Layer,21,5,0.0
LLaMA3.2-1B_Prune-3th-Layer.json,LLaMA3.2-1B_Prune-3th-Layer,22,5,0.0
LLaMA3.2-1B_Prune-3th-Layer.json,LLaMA3.2-1B_Prune-3th-Layer,23,5,0.0
LLaMA3.2-1B_Prune-3th-Layer.json,LLaMA3.2-1B_Prune-3th-Layer,24,5,0.0
LLaMA3.2-1B_Prune-3th-Layer.json,LLaMA3.2-1B_Prune-3th-Layer,25,5,0.0
LLaMA3.2-1B_Prune-3th-Layer.json,LLaMA3.2-1B_Prune-3th-Layer,26,5,0.0
LLaMA3.2-1B_Prune-3th-Layer.json,LLaMA3.2-1B_Prune-3th-Layer,27,5,0.0
LLaMA3.2-1B_Prune-3th-Layer.json,LLaMA3.2-1B_Prune-3th-Layer,28,5,0.0
LLaMA3.2-1B_Prune-3th-Layer.json,LLaMA3.2-1B_Prune-3th-Layer,29,5,0.0
LLaMA3.2-1B_Prune-3th-Layer.json,LLaMA3.2-1B_Prune-3th-Layer,30,5,0.0
LLaMA3.2-1B_Prune-3th-Layer.json,LLaMA3.2-1B_Prune-3th-Layer,31,5,0.0
LLaMA3.2-1B_Prune-3th-Layer.json,LLaMA3.2-1B_Prune-3th-Layer,32,5,0.0
LLaMA3.2-1B_Prune-3th-Layer.json,LLaMA3.2-1B_Prune-3th-Layer,33,5,0.0
LLaMA3.2-1B_Prune-3th-Layer.json,LLaMA3.2-1B_Prune-3th-Layer,34,5,0.0
LLaMA3.2-1B_Prune-3th-Layer.json,LLaMA3.2-1B_Prune-3th-Layer,35,5,0.0
LLaMA3.2-1B_Prune-3th-Layer.json,LLaMA3.2-1B_Prune-3th-Layer,36,5,0.0
LLaMA3.2-1B_Prune-3th-Layer.json,LLaMA3.2-1B_Prune-3th-Layer,37,5,0.0
LLaMA3.2-1B_Prune-3th-Layer.json,LLaMA3.2-1B_Prune-3th-Layer,38,5,0.0
LLaMA3.2-1B_Prune-3th-Layer.json,LLaMA3.2-1B_Prune-3th-Layer,39,5,0.0
LLaMA3.2-1B_Prune-3th-Layer.json,LLaMA3.2-1B_Prune-3th-Layer,40,5,0.0
LLaMA3.2-1B_Prune-3th-Layer.json,LLaMA3.2-1B_Prune-3th-Layer,41,5,0.0
LLaMA3.2-1B_Prune-3th-Layer.json,LLaMA3.2-1B_Prune-3th-Layer,42,5,0.0
LLaMA3.2-1B_Prune-3th-Layer.json,LLaMA3.2-1B_Prune-3th-Layer,43,5,0.0
LLaMA3.2-1B_Prune-3th-Layer.json,LLaMA3.2-1B_Prune-3th-Layer,44,5,0.0
LLaMA3.2-1B_Prune-3th-Layer.json,LLaMA3.2-1B_Prune-3th-Layer,45,5,0.0
LLaMA3.2-1B_Prune-3th-Layer.json,LLaMA3.2-1B_Prune-3th-Layer,46,5,0.0
LLaMA3.2-1B_Prune-3th-Layer.json,LLaMA3.2-1B_Prune-3th-Layer,47,5,0.0
LLaMA3.2-1B_Prune-3th-Layer.json,LLaMA3.2-1B_Prune-3th-Layer,48,5,0.0
LLaMA3.2-1B_Prune-3th-Layer.json,LLaMA3.2-1B_Prune-3th-Layer,49,5,0.0
LLaMA3.2-1B_Prune-4th-Layer.json,LLaMA3.2-1B_Prune-4th-Layer,0,5,0.0
LLaMA3.2-1B_Prune-4th-Layer.json,LLaMA3.2-1B_Prune-4th-Layer,1,5,0.0
LLaMA3.2-1B_Prune-4th-Layer.json,LLaMA3.2-1B_Prune-4th-Layer,2,5,0.0
LLaMA3.2-1B_Prune-4th-Layer.json,LLaMA3.2-1B_Prune-4th-Layer,3,5,0.0
LLaMA3.2-1B_Prune-4th-Layer.json,LLaMA3.2-1B_Prune-4th-Layer,4,5,0.0
LLaMA3.2-1B_Prune-4th-Layer.json,LLaMA3.2-1B_Prune-4th-Layer,5,5,0.0
LLaMA3.2-1B_Prune-4th-Layer.json,LLaMA3.2-1B_Prune-4th-Layer,6,5,0.0
LLaMA3.2-1B_Prune-4th-Layer.json,LLaMA3.2-1B_Prune-4th-Layer,7,5,0.0
LLaMA3.2-1B_Prune-4th-Layer.json,LLaMA3.2-1B_Prune-4th-Layer,8,5,0.0
LLaMA3.2-1B_Prune-4th-Layer.json,LLaMA3.2-1B_Prune-4th-Layer,9,5,0.0
LLaMA3.2-1B_Prune-4th-Layer.json,LLaMA3.2-1B_Prune-4th-Layer,10,5,0.0
LLaMA3.2-1B_Prune-4th-Layer.json,LLaMA3.2-1B_Prune-4th-Layer,11,5,0.0
LLaMA3.2-1B_Prune-4th-Layer.json,LLaMA3.2-1B_Prune-4th-Layer,12,5,0.0
LLaMA3.2-1B_Prune-4th-Layer.json,LLaMA3.2-1B_Prune-4th-Layer,13,5,0.0
LLaMA3.2-1B_Prune-4th-Layer.json,LLaMA3.2-1B_Prune-4th-Layer,14,5,0.0
LLaMA3.2-1B_Prune-4th-Layer.json,LLaMA3.2-1B_Prune-4th-Layer,15,5,0.0
LLaMA3.2-1B_Prune-4th-Layer.json,LLaMA3.2-1B_Prune-4th-Layer,16,5,0.0
LLaMA3.2-1B_Prune-4th-Layer.json,LLaMA3.2-1B_Prune-4th-Layer,17,5,0.0
LLaMA3.2-1B_Prune-4th-Layer.json,LLaMA3.2-1B_Prune-4th-Layer,18,5,0.0
LLaMA3.2-1B_Prune-4th-Layer.json,LLaMA3.2-1B_Prune-4th-Layer,19,5,0.0
LLaMA3.2-1B_Prune-4th-Layer.json,LLaMA3.2-1B_Prune-4th-Layer,20,5,0.0
LLaMA3.2-1B_Prune-4th-Layer.json,LLaMA3.2-1B_Prune-4th-Layer,21,5,0.0
LLaMA3.2-1B_Prune-4th-Layer.json,LLaMA3.2-1B_Prune-4th-Layer,22,5,0.0
LLaMA3.2-1B_Prune-4th-Layer.json,LLaMA3.2-1B_Prune-4th-Layer,23,5,0.0
LLaMA3.2-1B_Prune-4th-Layer.json,LLaMA3.2-1B_Prune-4th-Layer,24,5,0.0
LLaMA3.2-1B_Prune-4th-Layer.json,LLaMA3.2-1B_Prune-4th-Layer,25,5,0.0
LLaMA3.2-1B_Prune-4th-Layer.json,LLaMA3.2-1B_Prune-4th-Layer,26,5,0.0
LLaMA3.2-1B_Prune-4th-Layer.json,LLaMA3.2-1B_Prune-4th-Layer,27,5,0.0
LLaMA3.2-1B_Prune-4th-Layer.json,LLaMA3.2-1B_Prune-4th-Layer,28,5,0.0
LLaMA3.2-1B_Prune-4th-Layer.json,LLaMA3.2-1B_Prune-4th-Layer,29,5,0.0
LLaMA3.2-1B_Prune-4th-Layer.json,LLaMA3.2-1B_Prune-4th-Layer,30,5,0.0
LLaMA3.2-1B_Prune-4th-Layer.json,LLaMA3.2-1B_Prune-4th-Layer,31,5,0.0
LLaMA3.2-1B_Prune-4th-Layer.json,LLaMA3.2-1B_Prune-4th-Layer,32,5,0.0
LLaMA3.2-1B_Prune-4th-Layer.json,LLaMA3.2-1B_Prune-4th-Layer,33,5,0.0
LLaMA3.2-1B_Prune-4th-Layer.json,LLaMA3.2-1B_Prune-4th-Layer,34,5,0.0
LLaMA3.2-1B_Prune-4th-Layer.json,LLaMA3.2-1B_Prune-4th-Layer,35,5,0.0
LLaMA3.2-1B_Prune-4th-Layer.json,LLaMA3.2-1B_Prune-4th-Layer,36,5,0.0
LLaMA3.2-1B_Prune-4th-Layer.json,LLaMA3.2-1B_Prune-4th-Layer,37,5,0.0
LLaMA3.2-1B_Prune-4th-Layer.json,LLaMA3.2-1B_Prune-4th-Layer,38,5,0.0
LLaMA3.2-1B_Prune-4th-Layer.json,LLaMA3.2-1B_Prune-4th-Layer,39,5,0.0
LLaMA3.2-1B_Prune-4th-Layer.json,LLaMA3.2-1B_Prune-4th-Layer,40,5,0.0
LLaMA3.2-1B_Prune-4th-Layer.json,LLaMA3.2-1B_Prune-4th-Layer,41,5,0.0
LLaMA3.2-1B_Prune-4th-Layer.json,LLaMA3.2-1B_Prune-4th-Layer,42,5,0.0
LLaMA3.2-1B_Prune-4th-Layer.json,LLaMA3.2-1B_Prune-4th-Layer,43,5,0.0
LLaMA3.2-1B_Prune-4th-Layer.json,LLaMA3.2-1B_Prune-4th-Layer,44,5,0.0
LLaMA3.2-1B_Prune-4th-Layer.json,LLaMA3.2-1B_Prune-4th-Layer,45,5,0.0
LLaMA3.2-1B_Prune-4th-Layer.json,LLaMA3.2-1B_Prune-4th-Layer,46,5,0.0
LLaMA3.2-1B_Prune-4th-Layer.json,LLaMA3.2-1B_Prune-4th-Layer,47,5,0.0
LLaMA3.2-1B_Prune-4th-Layer.json,LLaMA3.2-1B_Prune-4th-Layer,48,5,0.0
LLaMA3.2-1B_Prune-4th-Layer.json,LLaMA3.2-1B_Prune-4th-Layer,49,5,0.0
LLaMA3.2-1B_Prune-5th-Layer.json,LLaMA3.2-1B_Prune-5th-Layer,0,6,0.0
LLaMA3.2-1B_Prune-5th-Layer.json,LLaMA3.2-1B_Prune-5th-Layer,1,6,0.0
LLaMA3.2-1B_Prune-5th-Layer.json,LLaMA3.2-1B_Prune-5th-Layer,2,6,0.0
LLaMA3.2-1B_Prune-5th-Layer.json,LLaMA3.2-1B_Prune-5th-Layer,3,6,1.0
LLaMA3.2-1B_Prune-5th-Layer.json,LLaMA3.2-1B_Prune-5th-Layer,4,6,0.0
LLaMA3.2-1B_Prune-5th-Layer.json,LLaMA3.2-1B_Prune-5th-Layer,5,6,0.0
LLaMA3.2-1B_Prune-5th-Layer.json,LLaMA3.2-1B_Prune-5th-Layer,6,6,0.0
LLaMA3.2-1B_Prune-5th-Layer.json,LLaMA3.2-1B_Prune-5th-Layer,7,6,1.0
LLaMA3.2-1B_Prune-5th-Layer.json,LLaMA3.2-1B_Prune-5th-Layer,8,6,0.0
LLaMA3.2-1B_Prune-5th-Layer.json,LLaMA3.2-1B_Prune-5th-Layer,9,6,0.0
LLaMA3.2-1B_Prune-5th-Layer.json,LLaMA3.2-1B_Prune-5th-Layer,10,6,0.0
LLaMA3.2-1B_Prune-5th-Layer.json,LLaMA3.2-1B_Prune-5th-Layer,11,6,0.0
LLaMA3.2-1B_Prune-5th-Layer.json,LLaMA3.2-1B_Prune-5th-Layer,12,6,0.0
LLaMA3.2-1B_Prune-5th-Layer.json,LLaMA3.2-1B_Prune-5th-Layer,13,6,0.0
LLaMA3.2-1B_Prune-5th-Layer.json,LLaMA3.2-1B_Prune-5th-Layer,14,6,0.0
LLaMA3.2-1B_Prune-5th-Layer.json,LLaMA3.2-1B_Prune-5th-Layer,15,6,0.0
LLaMA3.2-1B_Prune-5th-Layer.json,LLaMA3.2-1B_Prune-5th-Layer,16,6,0.0
LLaMA3.2-1B_Prune-5th-Layer.json,LLaMA3.2-1B_Prune-5th-Layer,17,6,0.0
LLaMA3.2-1B_Prune-5th-Layer.json,LLaMA3.2-1B_Prune-5th-Layer,18,6,0.0
LLaMA3.2-1B_Prune-5th-Layer.json,LLaMA3.2-1B_Prune-5th-Layer,19,6,1.0
LLaMA3.2-1B_Prune-5th-Layer.json,LLaMA3.2-1B_Prune-5th-Layer,20,6,0.0
LLaMA3.2-1B_Prune-5th-Layer.json,LLaMA3.2-1B_Prune-5th-Layer,21,6,0.0
LLaMA3.2-1B_Prune-5th-Layer.json,LLaMA3.2-1B_Prune-5th-Layer,22,6,0.0
LLaMA3.2-1B_Prune-5th-Layer.json,LLaMA3.2-1B_Prune-5th-Layer,23,6,0.0
LLaMA3.2-1B_Prune-5th-Layer.json,LLaMA3.2-1B_Prune-5th-Layer,24,6,0.0
LLaMA3.2-1B_Prune-5th-Layer.json,LLaMA3.2-1B_Prune-5th-Layer,25,6,0.0
LLaMA3.2-1B_Prune-5th-Layer.json,LLaMA3.2-1B_Prune-5th-Layer,26,6,0.0
LLaMA3.2-1B_Prune-5th-Layer.json,LLaMA3.2-1B_Prune-5th-Layer,27,6,0.0
LLaMA3.2-1B_Prune-5th-Layer.json,LLaMA3.2-1B_Prune-5th-Layer,28,6,0.0
LLaMA3.2-1B_Prune-5th-Layer.json,LLaMA3.2-1B_Prune-5th-Layer,29,6,0.0
LLaMA3.2-1B_Prune-5th-Layer.json,LLaMA3.2-1B_Prune-5th-Layer,30,6,0.0
LLaMA3.2-1B_Prune-5th-Layer.json,LLaMA3.2-1B_Prune-5th-Layer,31,6,0.0
LLaMA3.2-1B_Prune-5th-Layer.json,LLaMA3.2-1B_Prune-5th-Layer,32,6,0.0
LLaMA3.2-1B_Prune-5th-Layer.json,LLaMA3.2-1B_Prune-5th-Layer,33,6,0.0
LLaMA3.2-1B_Prune-5th-Layer.json,LLaMA3.2-1B_Prune-5th-Layer,34,6,0.0
LLaMA3.2-1B_Prune-5th-Layer.json,LLaMA3.2-1B_Prune-5th-Layer,35,6,0.0
LLaMA3.2-1B_Prune-5th-Layer.json,LLaMA3.2-1B_Prune-5th-Layer,36,6,0.0
LLaMA3.2-1B_Prune-5th-Layer.json,LLaMA3.2-1B_Prune-5th-Layer,37,6,0.0
LLaMA3.2-1B_Prune-5th-Layer.json,LLaMA3.2-1B_Prune-5th-Layer,38,6,0.0
LLaMA3.2-1B_Prune-5th-Layer.json,LLaMA3.2-1B_Prune-5th-Layer,39,6,0.0
LLaMA3.2-1B_Prune-5th-Layer.json,LLaMA3.2-1B_Prune-5th-Layer,40,6,0.0
LLaMA3.2-1B_Prune-5th-Layer.json,LLaMA3.2-1B_Prune-5th-Layer,41,6,0.0
LLaMA3.2-1B_Prune-5th-Layer.json,LLaMA3.2-1B_Prune-5th-Layer,42,6,0.0
LLaMA3.2-1B_Prune-5th-Layer.json,LLaMA3.2-1B_Prune-5th-Layer,43,6,0.0
LLaMA3.2-1B_Prune-5th-Layer.json,LLaMA3.2-1B_Prune-5th-Layer,44,6,0.0
LLaMA3.2-1B_Prune-5th-Layer.json,LLaMA3.2-1B_Prune-5th-Layer,45,6,0.0
LLaMA3.2-1B_Prune-5th-Layer.json,LLaMA3.2-1B_Prune-5th-Layer,46,6,0.0
LLaMA3.2-1B_Prune-5th-Layer.json,LLaMA3.2-1B_Prune-5th-Layer,47,6,0.0
LLaMA3.2-1B_Prune-5th-Layer.json,LLaMA3.2-1B_Prune-5th-Layer,48,6,0.0
LLaMA3.2-1B_Prune-5th-Layer.json,LLaMA3.2-1B_Prune-5th-Layer,49,6,0.0
LLaMA3.2-1B_Prune-6th-Layer.json,LLaMA3.2-1B_Prune-6th-Layer,0,6,0.0
LLaMA3.2-1B_Prune-6th-Layer.json,LLaMA3.2-1B_Prune-6th-Layer,1,6,0.0
LLaMA3.2-1B_Prune-6th-Layer.json,LLaMA3.2-1B_Prune-6th-Layer,2,6,0.0
LLaMA3.2-1B_Prune-6th-Layer.json,LLaMA3.2-1B_Prune-6th-Layer,3,6,0.0
LLaMA3.2-1B_Prune-6th-Layer.json,LLaMA3.2-1B_Prune-6th-Layer,4,6,0.0
LLaMA3.2-1B_Prune-6th-Layer.json,LLaMA3.2-1B_Prune-6th-Layer,5,6,0.0
LLaMA3.2-1B_Prune-6th-Layer.json,LLaMA3.2-1B_Prune-6th-Layer,6,6,0.0
LLaMA3.2-1B_Prune-6th-Layer.json,LLaMA3.2-1B_Prune-6th-Layer,7,6,0.0
LLaMA3.2-1B_Prune-6th-Layer.json,LLaMA3.2-1B_Prune-6th-Layer,8,6,0.0
LLaMA3.2-1B_Prune-6th-Layer.json,LLaMA3.2-1B_Prune-6th-Layer,9,6,0.0
LLaMA3.2-1B_Prune-6th-Layer.json,LLaMA3.2-1B_Prune-6th-Layer,10,6,0.0
LLaMA3.2-1B_Prune-6th-Layer.json,LLaMA3.2-1B_Prune-6th-Layer,11,6,0.0
LLaMA3.2-1B_Prune-6th-Layer.json,LLaMA3.2-1B_Prune-6th-Layer,12,6,0.0
LLaMA3.2-1B_Prune-6th-Layer.json,LLaMA3.2-1B_Prune-6th-Layer,13,6,0.0
LLaMA3.2-1B_Prune-6th-Layer.json,LLaMA3.2-1B_Prune-6th-Layer,14,6,0.0
LLaMA3.2-1B_Prune-6th-Layer.json,LLaMA3.2-1B_Prune-6th-Layer,15,6,0.0
LLaMA3.2-1B_Prune-6th-Layer.json,LLaMA3.2-1B_Prune-6th-Layer,16,6,0.0
LLaMA3.2-1B_Prune-6th-Layer.json,LLaMA3.2-1B_Prune-6th-Layer,17,6,0.0
LLaMA3.2-1B_Prune-6th-Layer.json,LLaMA3.2-1B_Prune-6th-Layer,18,6,0.0
LLaMA3.2-1B_Prune-6th-Layer.json,LLaMA3.2-1B_Prune-6th-Layer,19,6,0.0
LLaMA3.2-1B_Prune-6th-Layer.json,LLaMA3.2-1B_Prune-6th-Layer,20,6,0.0
LLaMA3.2-1B_Prune-6th-Layer.json,LLaMA3.2-1B_Prune-6th-Layer,21,6,0.0
LLaMA3.2-1B_Prune-6th-Layer.json,LLaMA3.2-1B_Prune-6th-Layer,22,6,0.0
LLaMA3.2-1B_Prune-6th-Layer.json,LLaMA3.2-1B_Prune-6th-Layer,23,6,0.0
LLaMA3.2-1B_Prune-6th-Layer.json,LLaMA3.2-1B_Prune-6th-Layer,24,6,0.0
LLaMA3.2-1B_Prune-6th-Layer.json,LLaMA3.2-1B_Prune-6th-Layer,25,6,0.0
LLaMA3.2-1B_Prune-6th-Layer.json,LLaMA3.2-1B_Prune-6th-Layer,26,6,0.0
LLaMA3.2-1B_Prune-6th-Layer.json,LLaMA3.2-1B_Prune-6th-Layer,27,6,0.0
LLaMA3.2-1B_Prune-6th-Layer.json,LLaMA3.2-1B_Prune-6th-Layer,28,6,0.0
LLaMA3.2-1B_Prune-6th-Layer.json,LLaMA3.2-1B_Prune-6th-Layer,29,6,0.0
LLaMA3.2-1B_Prune-6th-Layer.json,LLaMA3.2-1B_Prune-6th-Layer,30,6,0.0
LLaMA3.2-1B_Prune-6th-Layer.json,LLaMA3.2-1B_Prune-6th-Layer,31,6,0.0
LLaMA3.2-1B_Prune-6th-Layer.json,LLaMA3.2-1B_Prune-6th-Layer,32,6,0.0
LLaMA3.2-1B_Prune-6th-Layer.json,LLaMA3.2-1B_Prune-6th-Layer,33,6,0.0
LLaMA3.2-1B_Prune-6th-Layer.json,LLaMA3.2-1B_Prune-6th-Layer,34,6,0.0
LLaMA3.2-1B_Prune-6th-Layer.json,LLaMA3.2-1B_Prune-6th-Layer,35,6,0.0
LLaMA3.2-1B_Prune-6th-Layer.json,LLaMA3.2-1B_Prune-6th-Layer,36,6,0.0
LLaMA3.2-1B_Prune-6th-Layer.json,LLaMA3.2-1B_Prune-6th-Layer,37,6,0.0
LLaMA3.2-1B_Prune-6th-Layer.json,LLaMA3.2-1B_Prune-6th-Layer,38,6,0.0
LLaMA3.2-1B_Prune-6th-Layer.json,LLaMA3.2-1B_Prune-6th-Layer,39,6,0.0
LLaMA3.2-1B_Prune-6th-Layer.json,LLaMA3.2-1B_Prune-6th-Layer,40,6,0.0
LLaMA3.2-1B_Prune-6th-Layer.json,LLaMA3.2-1B_Prune-6th-Layer,41,6,0.0
LLaMA3.2-1B_Prune-6th-Layer.json,LLaMA3.2-1B_Prune-6th-Layer,42,6,0.0
LLaMA3.2-1B_Prune-6th-Layer.json,LLaMA3.2-1B_Prune-6th-Layer,43,6,0.0
LLaMA3.2-1B_Prune-6th-Layer.json,LLaMA3.2-1B_Prune-6th-Layer,44,6,0.0
LLaMA3.2-1B_Prune-6th-Layer.json,LLaMA3.2-1B_Prune-6th-Layer,45,6,0.0
LLaMA3.2-1B_Prune-6th-Layer.json,LLaMA3.2-1B_Prune-6th-Layer,46,6,0.0
LLaMA3.2-1B_Prune-6th-Layer.json,LLaMA3.2-1B_Prune-6th-Layer,47,6,0.0
LLaMA3.2-1B_Prune-6th-Layer.json,LLaMA3.2-1B_Prune-6th-Layer,48,6,0.0
LLaMA3.2-1B_Prune-6th-Layer.json,LLaMA3.2-1B_Prune-6th-Layer,49,6,0.0
LLaMA3.2-1B_Prune-7th-Layer.json,LLaMA3.2-1B_Prune-7th-Layer,0,7,0.0
LLaMA3.2-1B_Prune-7th-Layer.json,LLaMA3.2-1B_Prune-7th-Layer,1,7,0.0
LLaMA3.2-1B_Prune-7th-Layer.json,LLaMA3.2-1B_Prune-7th-Layer,2,7,0.0
LLaMA3.2-1B_Prune-7th-Layer.json,LLaMA3.2-1B_Prune-7th-Layer,3,7,1.0
LLaMA3.2-1B_Prune-7th-Layer.json,LLaMA3.2-1B_Prune-7th-Layer,4,7,0.0
LLaMA3.2-1B_Prune-7th-Layer.json,LLaMA3.2-1B_Prune-7th-Layer,5,7,0.0
LLaMA3.2-1B_Prune-7th-Layer.json,LLaMA3.2-1B_Prune-7th-Layer,6,7,0.0
LLaMA3.2-1B_Prune-7th-Layer.json,LLaMA3.2-1B_Prune-7th-Layer,7,7,0.0
LLaMA3.2-1B_Prune-7th-Layer.json,LLaMA3.2-1B_Prune-7th-Layer,8,7,0.0
LLaMA3.2-1B_Prune-7th-Layer.json,LLaMA3.2-1B_Prune-7th-Layer,9,7,0.0
LLaMA3.2-1B_Prune-7th-Layer.json,LLaMA3.2-1B_Prune-7th-Layer,10,7,0.0
LLaMA3.2-1B_Prune-7th-Layer.json,LLaMA3.2-1B_Prune-7th-Layer,11,7,0.0
LLaMA3.2-1B_Prune-7th-Layer.json,LLaMA3.2-1B_Prune-7th-Layer,12,7,0.0
LLaMA3.2-1B_Prune-7th-Layer.json,LLaMA3.2-1B_Prune-7th-Layer,13,7,0.0
LLaMA3.2-1B_Prune-7th-Layer.json,LLaMA3.2-1B_Prune-7th-Layer,14,7,0.0
LLaMA3.2-1B_Prune-7th-Layer.json,LLaMA3.2-1B_Prune-7th-Layer,15,7,0.0
LLaMA3.2-1B_Prune-7th-Layer.json,LLaMA3.2-1B_Prune-7th-Layer,16,7,0.0
LLaMA3.2-1B_Prune-7th-Layer.json,LLaMA3.2-1B_Prune-7th-Layer,17,7,0.0
LLaMA3.2-1B_Prune-7th-Layer.json,LLaMA3.2-1B_Prune-7th-Layer,18,7,0.0
LLaMA3.2-1B_Prune-7th-Layer.json,LLaMA3.2-1B_Prune-7th-Layer,19,7,0.5
LLaMA3.2-1B_Prune-7th-Layer.json,LLaMA3.2-1B_Prune-7th-Layer,20,7,1.0
LLaMA3.2-1B_Prune-7th-Layer.json,LLaMA3.2-1B_Prune-7th-Layer,21,7,0.0
LLaMA3.2-1B_Prune-7th-Layer.json,LLaMA3.2-1B_Prune-7th-Layer,22,7,0.0
LLaMA3.2-1B_Prune-7th-Layer.json,LLaMA3.2-1B_Prune-7th-Layer,23,7,0.0
LLaMA3.2-1B_Prune-7th-Layer.json,LLaMA3.2-1B_Prune-7th-Layer,24,7,0.0
LLaMA3.2-1B_Prune-7th-Layer.json,LLaMA3.2-1B_Prune-7th-Layer,25,7,0.0
LLaMA3.2-1B_Prune-7th-Layer.json,LLaMA3.2-1B_Prune-7th-Layer,26,7,0.0
LLaMA3.2-1B_Prune-7th-Layer.json,LLaMA3.2-1B_Prune-7th-Layer,27,7,0.0
LLaMA3.2-1B_Prune-7th-Layer.json,LLaMA3.2-1B_Prune-7th-Layer,28,7,0.0
LLaMA3.2-1B_Prune-7th-Layer.json,LLaMA3.2-1B_Prune-7th-Layer,29,7,0.0
LLaMA3.2-1B_Prune-7th-Layer.json,LLaMA3.2-1B_Prune-7th-Layer,30,7,0.0
LLaMA3.2-1B_Prune-7th-Layer.json,LLaMA3.2-1B_Prune-7th-Layer,31,7,0.0
LLaMA3.2-1B_Prune-7th-Layer.json,LLaMA3.2-1B_Prune-7th-Layer,32,7,0.0
LLaMA3.2-1B_Prune-7th-Layer.json,LLaMA3.2-1B_Prune-7th-Layer,33,7,0.0
LLaMA3.2-1B_Prune-7th-Layer.json,LLaMA3.2-1B_Prune-7th-Layer,34,7,0.0
LLaMA3.2-1B_Prune-7th-Layer.json,LLaMA3.2-1B_Prune-7th-Layer,35,7,0.0
LLaMA3.2-1B_Prune-7th-Layer.json,LLaMA3.2-1B_Prune-7th-Layer,36,7,0.0
LLaMA3.2-1B_Prune-7th-Layer.json,LLaMA3.2-1B_Prune-7th-Layer,37,7,0.0
LLaMA3.2-1B_Prune-7th-Layer.json,LLaMA3.2-1B_Prune-7th-Layer,38,7,0.0
LLaMA3.2-1B_Prune-7th-Layer.json,LLaMA3.2-1B_Prune-7th-Layer,39,7,0.0
LLaMA3.2-1B_Prune-7th-Layer.json,LLaMA3.2-1B_Prune-7th-Layer,40,7,0.0
LLaMA3.2-1B_Prune-7th-Layer.json,LLaMA3.2-1B_Prune-7th-Layer,41,7,0.0
LLaMA3.2-1B_Prune-7th-Layer.json,LLaMA3.2-1B_Prune-7th-Layer,42,7,0.0
LLaMA3.2-1B_Prune-7th-Layer.json,LLaMA3.2-1B_Prune-7th-Layer,43,7,0.0
LLaMA3.2-1B_Prune-7th-Layer.json,LLaMA3.2-1B_Prune-7th-Layer,44,7,0.0
LLaMA3.2-1B_Prune-7th-Layer.json,LLaMA3.2-1B_Prune-7th-Layer,45,7,0.0
LLaMA3.2-1B_Prune-7th-Layer.json,LLaMA3.2-1B_Prune-7th-Layer,46,7,0.0
LLaMA3.2-1B_Prune-7th-Layer.json,LLaMA3.2-1B_Prune-7th-Layer,47,7,0.0
LLaMA3.2-1B_Prune-7th-Layer.json,LLaMA3.2-1B_Prune-7th-Layer,48,7,0.0
LLaMA3.2-1B_Prune-7th-Layer.json,LLaMA3.2-1B_Prune-7th-Layer,49,7,0.0
LLaMA3.2-1B_Prune-8th-Layer.json,LLaMA3.2-1B_Prune-8th-Layer,0,7,0.0
LLaMA3.2-1B_Prune-8th-Layer.json,LLaMA3.2-1B_Prune-8th-Layer,1,7,0.0
LLaMA3.2-1B_Prune-8th-Layer.json,LLaMA3.2-1B_Prune-8th-Layer,2,7,0.0
LLaMA3.2-1B_Prune-8th-Layer.json,LLaMA3.2-1B_Prune-8th-Layer,3,7,0.0
LLaMA3.2-1B_Prune-8th-Layer.json,LLaMA3.2-1B_Prune-8th-Layer,4,7,0.0
LLaMA3.2-1B_Prune-8th-Layer.json,LLaMA3.2-1B_Prune-8th-Layer,5,7,0.0
LLaMA3.2-1B_Prune-8th-Layer.json,LLaMA3.2-1B_Prune-8th-Layer,6,7,0.0
LLaMA3.2-1B_Prune-8th-Layer.json,LLaMA3.2-1B_Prune-8th-Layer,7,7,0.0
LLaMA3.2-1B_Prune-8th-Layer.json,LLaMA3.2-1B_Prune-8th-Layer,8,7,0.0
LLaMA3.2-1B_Prune-8th-Layer.json,LLaMA3.2-1B_Prune-8th-Layer,9,7,0.0
LLaMA3.2-1B_Prune-8th-Layer.json,LLaMA3.2-1B_Prune-8th-Layer,10,7,0.0
LLaMA3.2-1B_Prune-8th-Layer.json,LLaMA3.2-1B_Prune-8th-Layer,11,7,0.0
LLaMA3.2-1B_Prune-8th-Layer.json,LLaMA3.2-1B_Prune-8th-Layer,12,7,0.0
LLaMA3.2-1B_Prune-8th-Layer.json,LLaMA3.2-1B_Prune-8th-Layer,13,7,0.0
LLaMA3.2-1B_Prune-8th-Layer.json,LLaMA3.2-1B_Prune-8th-Layer,14,7,0.0
LLaMA3.2-1B_Prune-8th-Layer.json,LLaMA3.2-1B_Prune-8th-Layer,15,7,0.0
LLaMA3.2-1B_Prune-8th-Layer.json,LLaMA3.2-1B_Prune-8th-Layer,16,7,0.0
LLaMA3.2-1B_Prune-8th-Layer.json,LLaMA3.2-1B_Prune-8th-Layer,17,7,0.0
LLaMA3.2-1B_Prune-8th-Layer.json,LLaMA3.2-1B_Prune-8th-Layer,18,7,0.0
LLaMA3.2-1B_Prune-8th-Layer.json,LLaMA3.2-1B_Prune-8th-Layer,19,7,0.0
LLaMA3.2-1B_Prune-8th-Layer.json,LLaMA3.2-1B_Prune-8th-Layer,20,7,0.0
LLaMA3.2-1B_Prune-8th-Layer.json,LLaMA3.2-1B_Prune-8th-Layer,21,7,0.0
LLaMA3.2-1B_Prune-8th-Layer.json,LLaMA3.2-1B_Prune-8th-Layer,22,7,0.0
LLaMA3.2-1B_Prune-8th-Layer.json,LLaMA3.2-1B_Prune-8th-Layer,23,7,0.0
LLaMA3.2-1B_Prune-8th-Layer.json,LLaMA3.2-1B_Prune-8th-Layer,24,7,0.0
LLaMA3.2-1B_Prune-8th-Layer.json,LLaMA3.2-1B_Prune-8th-Layer,25,7,0.0
LLaMA3.2-1B_Prune-8th-Layer.json,LLaMA3.2-1B_Prune-8th-Layer,26,7,0.0
LLaMA3.2-1B_Prune-8th-Layer.json,LLaMA3.2-1B_Prune-8th-Layer,27,7,0.0
LLaMA3.2-1B_Prune-8th-Layer.json,LLaMA3.2-1B_Prune-8th-Layer,28,7,0.0
LLaMA3.2-1B_Prune-8th-Layer.json,LLaMA3.2-1B_Prune-8th-Layer,29,7,0.0
LLaMA3.2-1B_Prune-8th-Layer.json,LLaMA3.2-1B_Prune-8th-Layer,30,7,0.0
LLaMA3.2-1B_Prune-8th-Layer.json,LLaMA3.2-1B_Prune-8th-Layer,31,7,0.0
LLaMA3.2-1B_Prune-8th-Layer.json,LLaMA3.2-1B_Prune-8th-Layer,32,7,0.0
LLaMA3.2-1B_Prune-8th-Layer.json,LLaMA3.2-1B_Prune-8th-Layer,33,7,0.0
LLaMA3.2-1B_Prune-8th-Layer.json,LLaMA3.2-1B_Prune-8th-Layer,34,7,0.0
LLaMA3.2-1B_Prune-8th-Layer.json,LLaMA3.2-1B_Prune-8th-Layer,35,7,0.0
LLaMA3.2-1B_Prune-8th-Layer.json,LLaMA3.2-1B_Prune-8th-Layer,36,7,0.0
LLaMA3.2-1B_Prune-8th-Layer.json,LLaMA3.2-1B_Prune-8th-Layer,37,7,0.0
LLaMA3.2-1B_Prune-8th-Layer.json,LLaMA3.2-1B_Prune-8th-Layer,38,7,0.0
LLaMA3.2-1B_Prune-8th-Layer.json,LLaMA3.2-1B_Prune-8th-Layer,39,7,0.0
LLaMA3.2-1B_Prune-8th-Layer.json,LLaMA3.2-1B_Prune-8th-Layer,40,7,0.0
LLaMA3.2-1B_Prune-8th-Layer.json,LLaMA3.2-1B_Prune-8th-Layer,41,7,0.0
LLaMA3.2-1B_Prune-8th-Layer.json,LLaMA3.2-1B_Prune-8th-Layer,42,7,0.0
LLaMA3.2-1B_Prune-8th-Layer.json,LLaMA3.2-1B_Prune-8th-Layer,43,7,0.0
LLaMA3.2-1B_Prune-8th-Layer.json,LLaMA3.2-1B_Prune-8th-Layer,44,7,0.0
LLaMA3.2-1B_Prune-8th-Layer.json,LLaMA3.2-1B_Prune-8th-Layer,45,7,0.0
LLaMA3.2-1B_Prune-8th-Layer.json,LLaMA3.2-1B_Prune-8th-Layer,46,7,0.0
LLaMA3.2-1B_Prune-8th-Layer.json,LLaMA3.2-1B_Prune-8th-Layer,47,7,0.0
LLaMA3.2-1B_Prune-8th-Layer.json,LLaMA3.2-1B_Prune-8th-Layer,48,7,0.0
LLaMA3.2-1B_Prune-8th-Layer.json,LLaMA3.2-1B_Prune-8th-Layer,49,7,0.0
LLaMA3.2-1B_Prune-9th-Layer.json,LLaMA3.2-1B_Prune-9th-Layer,0,8,0.0
LLaMA3.2-1B_Prune-9th-Layer.json,LLaMA3.2-1B_Prune-9th-Layer,1,8,0.0
LLaMA3.2-1B_Prune-9th-Layer.json,LLaMA3.2-1B_Prune-9th-Layer,2,8,0.0
LLaMA3.2-1B_Prune-9th-Layer.json,LLaMA3.2-1B_Prune-9th-Layer,3,8,1.0
LLaMA3.2-1B_Prune-9th-Layer.json,LLaMA3.2-1B_Prune-9th-Layer,4,8,0.0
LLaMA3.2-1B_Prune-9th-Layer.json,LLaMA3.2-1B_Prune-9th-Layer,5,8,0.0
LLaMA3.2-1B_Prune-9th-Layer.json,LLaMA3.2-1B_Prune-9th-Layer,6,8,0.0
LLaMA3.2-1B_Prune-9th-Layer.json,LLaMA3.2-1B_Prune-9th-Layer,7,8,1.0
LLaMA3.2-1B_Prune-9th-Layer.json,LLaMA3.2-1B_Prune-9th-Layer,8,8,0.0
LLaMA3.2-1B_Prune-9th-Layer.json,LLaMA3.2-1B_Prune-9th-Layer,9,8,0.0
LLaMA3.2-1B_Prune-9th-Layer.json,LLaMA3.2-1B_Prune-9th-Layer,10,8,0.0
LLaMA3.2-1B_Prune-9th-Layer.json,LLaMA3.2-1B_Prune-9th-Layer,11,8,0.0
LLaMA3.2-1B_Prune-9th-Layer.json,LLaMA3.2-1B_Prune-9th-Layer,12,8,0.0
LLaMA3.2-1B_Prune-9th-Layer.json,LLaMA3.2-1B_Prune-9th-Layer,13,8,0.0
LLaMA3.2-1B_Prune-9th-Layer.json,LLaMA3.2-1B_Prune-9th-Layer,14,8,0.0
LLaMA3.2-1B_Prune-9th-Layer.json,LLaMA3.2-1B_Prune-9th-Layer,15,8,0.0
LLaMA3.2-1B_Prune-9th-Layer.json,LLaMA3.2-1B_Prune-9th-Layer,16,8,0.0
LLaMA3.2-1B_Prune-9th-Layer.json,LLaMA3.2-1B_Prune-9th-Layer,17,8,0.0
LLaMA3.2-1B_Prune-9th-Layer.json,LLaMA3.2-1B_Prune-9th-Layer,18,8,0.0
LLaMA3.2-1B_Prune-9th-Layer.json,LLaMA3.2-1B_Prune-9th-Layer,19,8,1.0
LLaMA3.2-1B_Prune-9th-Layer.json,LLaMA3.2-1B_Prune-9th-Layer,20,8,1.0
LLaMA3.2-1B_Prune-9th-Layer.json,LLaMA3.2-1B_Prune-9th-Layer,21,8,0.0
LLaMA3.2-1B_Prune-9th-Layer.json,LLaMA3.2-1B_Prune-9th-Layer,22,8,0.0
LLaMA3.2-1B_Prune-9th-Layer.json,LLaMA3.2-1B_Prune-9th-Layer,23,8,0.0
LLaMA3.2-1B_Prune-9th-Layer.json,LLaMA3.2-1B_Prune-9th-Layer,24,8,0.0
LLaMA3.2-1B_Prune-9th-Layer.json,LLaMA3.2-1B_Prune-9th-Layer,25,8,0.0
LLaMA3.2-1B_Prune-9th-Layer.json,LLaMA3.2-1B_Prune-9th-Layer,26,8,0.0
LLaMA3.2-1B_Prune-9th-Layer.json,LLaMA3.2-1B_Prune-9th-Layer,27,8,0.0
LLaMA3.2-1B_Prune-9th-Layer.json,LLaMA3.2-1B_Prune-9th-Layer,28,8,0.0
LLaMA3.2-1B_Prune-9th-Layer.json,LLaMA3.2-1B_Prune-9th-Layer,29,8,0.0
LLaMA3.2-1B_Prune-9th-Layer.json,LLaMA3.2-1B_Prune-9th-Layer,30,8,0.0
LLaMA3.2-1B_Prune-9th-Layer.json,LLaMA3.2-1B_Prune-9th-Layer,31,8,0.0
LLaMA3.2-1B_Prune-9th-Layer.json,LLaMA3.2-1B_Prune-9th-Layer,32,8,0.0
LLaMA3.2-1B_Prune-9th-Layer.json,LLaMA3.2-1B_Prune-9th-Layer,33,8,0.0
LLaMA3.2-1B_Prune-9th-Layer.json,LLaMA3.2-1B_Prune-9th-Layer,34,8,0.0
LLaMA3.2-1B_Prune-9th-Layer.json,LLaMA3.2-1B_Prune-9th-Layer,35,8,0.0
LLaMA3.2-1B_Prune-9th-Layer.json,LLaMA3.2-1B_Prune-9th-Layer,36,8,0.0
LLaMA3.2-1B_Prune-9th-Layer.json,LLaMA3.2-1B_Prune-9th-Layer,37,8,0.0
LLaMA3.2-1B_Prune-9th-Layer.json,LLaMA3.2-1B_Prune-9th-Layer,38,8,0.0
LLaMA3.2-1B_Prune-9th-Layer.json,LLaMA3.2-1B_Prune-9th-Layer,39,8,0.0
LLaMA3.2-1B_Prune-9th-Layer.json,LLaMA3.2-1B_Prune-9th-Layer,40,8,0.0
LLaMA3.2-1B_Prune-9th-Layer.json,LLaMA3.2-1B_Prune-9th-Layer,41,8,0.0
LLaMA3.2-1B_Prune-9th-Layer.json,LLaMA3.2-1B_Prune-9th-Layer,42,8,0.0
LLaMA3.2-1B_Prune-9th-Layer.json,LLaMA3.2-1B_Prune-9th-Layer,43,8,0.0
LLaMA3.2-1B_Prune-9th-Layer.json,LLaMA3.2-1B_Prune-9th-Layer,44,8,0.0
LLaMA3.2-1B_Prune-9th-Layer.json,LLaMA3.2-1B_Prune-9th-Layer,45,8,0.0
LLaMA3.2-1B_Prune-9th-Layer.json,LLaMA3.2-1B_Prune-9th-Layer,46,8,0.0
LLaMA3.2-1B_Prune-9th-Layer.json,LLaMA3.2-1B_Prune-9th-Layer,47,8,0.0
LLaMA3.2-1B_Prune-9th-Layer.json,LLaMA3.2-1B_Prune-9th-Layer,48,8,0.0
LLaMA3.2-1B_Prune-9th-Layer.json,LLaMA3.2-1B_Prune-9th-Layer,49,8,
